open time,open,high,low,close,volume,close time,quote asset volume,number of trades,tb base volume,tb quote volume,ignore
2022-04-22,2984.16,3034.54,2933.63,2962.41,128067.8443,2022-04-22 23:59:59.999000064,382198652.15141296,316183,67899.0262,202552626.80978,0
2022-04-23,2962.35,2978.56,2916.39,2933.51,46557.5923,2022-04-23 23:59:59.999000064,137581064.751986,139433,22144.3849,65438126.561753,0
2022-04-24,2933.49,2967.64,2912.4,2922.18,68347.9158,2022-04-24 23:59:59.999000064,200966146.64765,163308,35346.1052,103911621.440749,0
2022-04-25,2922.02,3025.7,2795.0,3006.7,173705.5565,2022-04-25 23:59:59.999000064,501997033.503894,388092,87932.8353,254091508.975706,0
2022-04-26,3006.71,3039.8,2766.64,2809.63,149040.4242,2022-04-26 23:59:59.999000064,433591156.816825,350129,69992.0948,203560478.770531,0
2022-04-27,2809.63,2919.71,2794.68,2889.15,131376.3632,2022-04-27 23:59:59.999000064,376776007.923194,323328,66299.373,190129296.141589,0
2022-04-28,2889.14,2980.0,2854.62,2937.0,138505.6698,2022-04-28 23:59:59.999000064,404237891.30772096,340015,69358.1716,202233764.01893,0
2022-04-29,2937.01,2946.52,2776.42,2816.93,142940.5057,2022-04-29 23:59:59.999000064,408324710.725843,309097,74370.9476,212393511.031587,0
2022-04-30,2816.93,2841.13,2720.0,2727.06,84591.5399,2022-04-30 23:59:59.999000064,236474464.205474,210661,39636.6914,110915449.971337,0
2022-05-01,2727.2,2849.0,2717.32,2825.14,90610.7086,2022-05-01 23:59:59.999000064,252001066.498506,238133,47563.501,132325739.571235,0
2022-05-02,2825.13,2882.52,2777.63,2856.11,124056.4241,2022-05-02 23:59:59.999000064,350954994.341989,309484,63602.5047,179958567.289059,0
2022-05-03,2856.12,2861.2,2755.0,2781.23,99243.2323,2022-05-03 23:59:59.999000064,279465029.574773,235463,47445.5563,133639362.761251,0
2022-05-04,2781.24,2966.14,2771.36,2940.24,151882.0565,2022-05-04 23:59:59.999000064,435344036.159376,340343,77921.8417,223266776.450581,0
2022-05-05,2940.24,2954.0,2685.0,2747.41,180123.2813,2022-05-05 23:59:59.999000064,504985749.08962,412655,86196.7075,241757519.463128,0
2022-05-06,2747.41,2757.27,2632.47,2692.55,189483.8312,2022-05-06 23:59:59.999000064,510603933.534162,374715,94878.0157,255646131.224729,0
2022-05-07,2692.61,2703.29,2587.0,2634.5,97375.7072,2022-05-07 23:59:59.999000064,259333473.071881,195471,46089.9928,122804840.258837,0
2022-05-08,2634.78,2641.0,2483.04,2518.87,183731.1309,2022-05-08 23:59:59.999000064,468008596.173728,315691,91882.1054,234044777.796884,0
2022-05-09,2518.88,2529.55,2225.12,2229.18,353211.4355,2022-05-09 23:59:59.999000064,837808378.1031591,642111,173556.7982,412046635.873584,0
2022-05-10,2228.17,2457.48,2198.05,2341.14,344519.1865,2022-05-10 23:59:59.999000064,812763101.621358,612769,173425.7951,409131872.00412095,0
2022-05-11,2341.45,2450.0,2000.0,2075.39,495408.54123,2022-05-11 23:59:59.999000064,1129346498.138937,951745,248353.01802,567503094.6897342,0
2022-05-12,2074.76,2185.0,1633.32,1954.08,608862.36159,2022-05-12 23:59:59.999000064,1166127475.0132978,1201750,304871.72022,583674892.5984043,0
2022-05-13,1954.16,2145.01,1935.18,2006.18,359562.259,2022-05-13 23:59:59.999000064,744535576.0121031,647234,178016.15,368873789.974186,0
2022-05-14,2006.17,2066.25,1947.5,2053.24,245207.4161,2022-05-14 23:59:59.999000064,493260153.28610706,420132,122069.4065,245522389.198265,0
2022-05-15,2053.52,2181.86,1997.17,2143.01,194736.2566,2022-05-15 23:59:59.999000064,403586023.269392,331217,101600.9154,210732010.991085,0
2022-05-16,2143.0,2143.0,1974.21,2020.66,329626.1073,2022-05-16 23:59:59.999000064,670638441.725254,490178,167936.0983,341665205.631765,0
2022-05-17,2020.67,2120.0,2005.9,2088.22,226724.5432,2022-05-17 23:59:59.999000064,468267445.357512,339652,113908.7011,235318329.254042,0
2022-05-18,2088.11,2108.4,1905.5,1912.23,303800.4774,2022-05-18 23:59:59.999000064,605627017.853328,409629,149833.0249,298767862.830991,0
2022-05-19,1912.45,2038.27,1900.21,2017.44,337260.5915,2022-05-19 23:59:59.999000064,664545120.955944,439689,172263.4181,339439766.491709,0
2022-05-20,2017.34,2062.06,1920.89,1956.69,317435.6164,2022-05-20 23:59:59.999000064,633113168.2690489,394494,158392.9676,315847643.59047,0
2022-05-21,1956.69,1988.38,1935.2,1972.38,100847.2949,2022-05-21 23:59:59.999000064,198493035.347669,165770,49456.967,97350329.920795,0
2022-05-22,1972.39,2054.03,1963.74,2040.85,158667.2053,2022-05-22 23:59:59.999000064,318967641.792012,232175,79694.2452,160181052.094712,0
2022-05-23,2040.9,2086.8,1955.16,1971.36,262963.2168,2022-05-23 23:59:59.999000064,535736483.448217,382278,130410.7888,265760837.490958,0
2022-05-24,1971.35,1991.43,1911.0,1977.63,151705.3086,2022-05-24 23:59:59.999000064,297455838.555371,259830,77988.9023,152961443.645776,0
2022-05-25,1977.62,2019.37,1932.39,1940.7,208861.6049,2022-05-25 23:59:59.999000064,411145703.45403695,293024,101517.9692,199878773.441716,0
2022-05-26,1940.73,1963.8,1733.0,1790.24,413893.1155,2022-05-26 23:59:59.999000064,762858687.190061,555723,202994.6988,374150980.26679903,0
2022-05-27,1789.94,1820.18,1701.95,1725.26,455509.1802,2022-05-27 23:59:59.999000064,802566754.145204,592560,230663.8302,406441581.51630497,0
2022-05-28,1725.26,1807.04,1720.14,1790.41,172298.4429,2022-05-28 23:59:59.999000064,304955420.198855,255415,87258.0578,154467345.39382,0
2022-05-29,1790.42,1825.19,1759.21,1811.74,133128.2309,2022-05-29 23:59:59.999000064,238994329.046239,194156,66649.7275,119669731.169595,0
2022-05-30,1811.74,2011.24,1801.49,1997.3,305677.9698,2022-05-30 23:59:59.999000064,583253052.9928751,433379,157677.2959,300785966.181585,0
2022-05-31,1997.34,2015.03,1922.12,1940.56,274443.9097,2022-05-31 23:59:59.999000064,539116347.71007,416709,136089.2558,267449423.427465,0
2022-06-01,1940.57,1971.09,1762.0,1816.28,379589.5344,2022-06-01 23:59:59.999000064,713105443.4551071,510475,183485.8849,345170309.503073,0
2022-06-02,1816.19,1851.45,1780.76,1832.64,322522.0572,2022-06-02 23:59:59.999000064,586090546.320792,409848,162849.4805,295932226.719107,0
2022-06-03,1832.65,1842.28,1736.0,1773.16,291957.1537,2022-06-03 23:59:59.999000064,519019375.05852497,400623,141628.377,251668774.215822,0
2022-06-04,1773.16,1814.32,1746.65,1802.97,121626.4881,2022-06-04 23:59:59.999000064,215579760.238462,182409,59065.0763,104736723.736922,0
2022-06-05,1802.97,1828.72,1771.82,1804.52,126730.343,2022-06-05 23:59:59.999000064,228187850.556559,192745,63558.3755,114432026.709211,0
2022-06-06,1804.72,1918.73,1797.3,1858.25,339276.591,2022-06-06 23:59:59.999000064,637624201.521718,442839,173699.4091,326363345.581526,0
2022-06-07,1858.24,1873.72,1724.08,1812.4,439508.1655,2022-06-07 23:59:59.999000064,783915919.014,588489,217654.9592,388095124.11966,0
2022-06-08,1812.37,1838.42,1764.32,1790.36,304686.5044,2022-06-08 23:59:59.999000064,549146351.702586,444561,151860.4309,273710691.849383,0
2022-06-09,1790.36,1835.0,1775.86,1787.29,218313.7289,2022-06-09 23:59:59.999000064,392490621.805576,302104,107936.0315,194029884.998154,0
2022-06-10,1787.36,1803.04,1654.0,1661.2,404129.0067,2022-06-10 23:59:59.999000064,698033639.7205191,543878,198347.162,342494399.781293,0
2022-06-11,1661.21,1683.06,1500.0,1531.22,557096.30261,2022-06-11 23:59:59.999000064,874069863.6325969,654561,270600.76272,424509256.57122815,0
2022-06-12,1531.23,1544.89,1422.7,1433.4,613729.1948,2022-06-12 23:59:59.999000064,905802809.686608,724799,305062.00224,450381500.6891085,0
2022-06-13,1433.11,1453.35,1162.98,1207.32,1299547.80392,2022-06-13 23:59:59.999000064,1659400013.3310647,1531871,631564.66535,805777586.4494878,0
2022-06-14,1207.6,1265.85,1074.29,1207.85,924494.37426,2022-06-14 23:59:59.999000064,1094940298.508136,1155662,456189.8863,541212802.742214,0
2022-06-15,1207.65,1247.85,1012.54,1236.0,1099275.88407,2022-06-15 23:59:59.999000064,1227442149.206022,1577437,554704.9729,619821857.760616,0
2022-06-16,1236.01,1256.27,1050.65,1067.07,525204.284,2022-06-16 23:59:59.999000064,600189264.840515,754148,260423.0284,297731323.978491,0
2022-06-17,1067.13,1116.57,1050.0,1085.49,451138.7291,2022-06-17 23:59:59.999000064,490521240.39880097,675422,228567.2783,248615340.470384,0
2022-06-18,1085.5,1096.58,880.34,993.57,713441.95428,2022-06-18 23:59:59.999000064,702128739.4646415,1036790,360558.124,355146134.489099,0
2022-06-19,993.44,1156.89,935.01,1126.96,603630.9052,2022-06-19 23:59:59.999000064,624281006.736364,887830,312383.3004,323164504.635552,0
2022-06-20,1126.96,1168.6,1051.58,1126.62,527965.861,2022-06-20 23:59:59.999000064,585451456.511349,815091,262192.1485,290827097.07674,0
2022-06-21,1126.72,1192.44,1108.12,1124.74,422832.903,2022-06-21 23:59:59.999000064,485254536.525826,662357,213865.3573,245493243.73552,0
2022-06-22,1124.75,1126.25,1040.0,1048.96,418107.9702,2022-06-22 23:59:59.999000064,453614838.991466,620598,205805.1588,223288139.978502,0
2022-06-23,1049.02,1153.23,1043.76,1143.63,407380.5141,2022-06-23 23:59:59.999000064,450264898.635,565192,210644.9313,232918360.563576,0
2022-06-24,1143.64,1244.82,1131.0,1223.83,411749.8719,2022-06-24 23:59:59.999000064,488646605.26659507,610934,215648.9234,255898607.043579,0
2022-06-25,1223.84,1255.0,1178.31,1241.47,278261.1266,2022-06-25 23:59:59.999000064,338010435.886979,404526,141598.4217,172180500.72532,0
2022-06-26,1241.36,1279.92,1193.68,1197.18,258477.1577,2022-06-26 23:59:59.999000064,319458932.75975,402145,131949.5243,163162088.451694,0
2022-06-27,1197.14,1240.0,1172.31,1191.24,343933.7097,2022-06-27 23:59:59.999000064,414629161.650081,409315,168356.0352,202976971.459025,0
2022-06-28,1191.24,1236.8,1135.0,1142.73,361075.1755,2022-06-28 23:59:59.999000064,429545263.090301,452326,180446.9539,214744800.65144,0
2022-06-29,1142.58,1155.59,1085.96,1098.89,409744.118,2022-06-29 23:59:59.999000064,458327732.124733,528149,205163.1841,229487557.540795,0
2022-06-30,1098.9,1105.3,996.13,1069.77,490377.6138,2022-06-30 23:59:59.999000064,510178492.28858495,603455,235391.3804,245027566.668884,0
2022-07-01,1069.72,1114.87,1032.16,1058.43,524194.2455,2022-07-01 23:59:59.999000064,558948488.4557929,609353,264903.7666,282536677.849307,0
2022-07-02,1058.46,1077.5,1026.87,1065.5,259467.3931,2022-07-02 23:59:59.999000064,272867096.561999,299632,127213.054,133840055.548912,0
2022-07-03,1065.5,1086.0,1039.38,1072.72,247445.648,2022-07-03 23:59:59.999000064,263041351.809897,284528,128401.3753,136551119.11673,0
2022-07-04,1072.95,1159.93,1043.98,1149.85,413314.7883,2022-07-04 23:59:59.999000064,454331954.554136,426313,214542.068,236049032.019816,0
2022-07-05,1149.72,1172.9,1076.09,1131.35,517767.5725,2022-07-05 23:59:59.999000064,584240183.286202,531087,252794.0531,285633147.882894,0
2022-07-06,1131.34,1203.48,1110.5,1185.21,529338.558,2022-07-06 23:59:59.999000064,604829096.09813,537909,267898.4258,306212867.856189,0
2022-07-07,1185.2,1253.58,1162.23,1236.75,452321.2447,2022-07-07 23:59:59.999000064,545356083.986081,442624,225798.2875,272318318.75447,0
2022-07-08,1236.76,1275.8,1192.27,1213.43,532824.6911,2022-07-08 23:59:59.999000064,656058194.420352,571438,263663.2046,324555823.267069,0
2022-07-09,1213.22,1234.0,1203.97,1216.48,221022.3542,2022-07-09 23:59:59.999000064,269078921.162875,268521,112562.2163,137054763.321996,0
2022-07-10,1216.49,1219.08,1152.49,1167.58,315586.7732,2022-07-10 23:59:59.999000064,372160074.99915105,327154,154039.6677,181653016.822434,0
2022-07-11,1167.62,1170.54,1090.0,1095.56,370001.4237,2022-07-11 23:59:59.999000064,420949349.43757105,388015,187028.998,212902992.973944,0
2022-07-12,1095.55,1097.43,1032.24,1037.54,410185.3482,2022-07-12 23:59:59.999000064,438188135.570966,442881,202396.3158,216271472.698776,0
2022-07-13,1037.54,1118.47,1005.26,1114.12,607640.0099,2022-07-13 23:59:59.999000064,643400228.9606409,632197,307471.5195,325722024.470414,0
2022-07-14,1113.98,1213.33,1071.18,1192.48,475439.627,2022-07-14 23:59:59.999000064,536485002.194146,532044,242259.8178,273394128.020461,0
2022-07-15,1192.47,1288.0,1179.91,1230.9,514652.1843,2022-07-15 23:59:59.999000064,629639913.4139609,570746,253271.6313,309954880.963733,0
2022-07-16,1230.88,1421.14,1191.41,1355.38,496432.3978,2022-07-16 23:59:59.999000064,639566686.473387,600954,250666.2913,323477279.650271,0
2022-07-17,1355.62,1386.31,1318.58,1338.29,421908.5938,2022-07-17 23:59:59.999000064,571232163.72353,522465,211177.828,285982728.504067,0
2022-07-18,1338.3,1596.0,1335.11,1580.51,675960.2244,2022-07-18 23:59:59.999000064,992888781.213261,884149,350698.09,514904930.443236,0
2022-07-19,1580.51,1630.95,1490.43,1542.57,704592.3017,2022-07-19 23:59:59.999000064,1089353911.003387,978317,348467.3401,538789430.733582,0
2022-07-20,1542.51,1620.87,1484.97,1521.8,626248.6024,2022-07-20 23:59:59.999000064,979325447.7143991,830667,310933.1455,486492707.300296,0
2022-07-21,1521.62,1607.0,1463.92,1575.75,537865.1134,2022-07-21 23:59:59.999000064,818335053.522309,703029,272034.8101,413889609.062858,0
2022-07-22,1575.49,1646.22,1517.02,1535.26,544871.6809,2022-07-22 23:59:59.999000064,868348408.999364,623550,265516.57,423082539.92925906,0
2022-07-23,1535.26,1596.85,1488.1,1548.83,359894.6692,2022-07-23 23:59:59.999000064,554266671.965154,473556,180002.8954,277239049.46971,0
2022-07-24,1548.79,1664.3,1545.91,1597.88,431709.2325,2022-07-24 23:59:59.999000064,691783353.09154,560534,223903.2715,358772837.060151,0
2022-07-25,1597.89,1609.6,1435.4,1440.94,617456.7144,2022-07-25 23:59:59.999000064,937200984.9574951,709562,294906.5775,447755062.97302,0
2022-07-26,1440.94,1454.27,1356.26,1449.28,534915.8493,2022-07-26 23:59:59.999000064,751277695.3675059,584038,266854.3561,374858215.537246,0
2022-07-27,1449.25,1645.0,1421.07,1636.62,648978.011,2022-07-27 23:59:59.999000064,988224901.812037,801312,325569.631,495665966.77417,0
2022-07-28,1636.61,1784.0,1594.96,1724.76,645226.0265,2022-07-28 23:59:59.999000064,1077818931.342185,896884,331944.5091,554847105.864403,0
2022-07-29,1724.92,1766.01,1657.11,1722.47,526965.7949,2022-07-29 23:59:59.999000064,901972273.3618019,791157,262518.2388,449454541.136654,0
2022-07-30,1722.47,1744.94,1674.0,1697.42,333924.5727,2022-07-30 23:59:59.999000064,571414877.600609,506835,163618.0449,279956937.779478,0
2022-07-31,1697.5,1754.65,1667.36,1679.01,290655.3618,2022-07-31 23:59:59.999000064,495872337.819501,441254,144991.5774,247508621.533209,0
2022-08-01,1679.01,1705.21,1606.75,1630.57,350981.9917,2022-08-01 23:59:59.999000064,582865919.541643,503054,169694.4856,281763466.191803,0
2022-08-02,1630.57,1678.86,1559.99,1631.06,513222.1266,2022-08-02 23:59:59.999000064,828543937.8672221,711194,258877.8381,417999287.30081105,0
2022-08-03,1631.19,1685.0,1590.3,1618.69,375194.0218,2022-08-03 23:59:59.999000064,616288337.263894,561556,185656.2632,304952953.708855,0
2022-08-04,1618.68,1663.07,1577.46,1608.19,360701.9821,2022-08-04 23:59:59.999000064,583908009.626399,519024,181997.7937,294550671.96626,0
2022-08-05,1607.99,1742.92,1605.59,1736.48,476283.6745,2022-08-05 23:59:59.999000064,800021969.302099,609279,239032.1384,401427335.862164,0
2022-08-06,1736.96,1750.0,1686.0,1690.87,213601.0413,2022-08-06 23:59:59.999000064,367080174.58121693,297522,101510.9996,174450059.178329,0
2022-08-07,1690.88,1730.0,1668.95,1700.1,198118.0518,2022-08-07 23:59:59.999000064,336112571.252164,271359,97593.5481,165605137.340172,0
2022-08-08,1700.49,1818.64,1694.24,1777.38,355095.6766,2022-08-08 23:59:59.999000064,626720783.108628,449657,177051.2997,312393621.566076,0
2022-08-09,1777.2,1791.51,1668.98,1703.31,335581.8819,2022-08-09 23:59:59.999000064,577960841.195175,443097,160933.5893,277082722.762236,0
2022-08-10,1703.29,1886.0,1656.53,1854.01,519816.8261,2022-08-10 23:59:59.999000064,923955024.114366,665907,261148.0978,464089828.84369296,0
2022-08-11,1854.0,1942.68,1850.8,1881.01,495029.5291,2022-08-11 23:59:59.999000064,938360428.521432,614585,246982.3642,468284833.277172,0
2022-08-12,1881.01,1965.32,1854.59,1959.22,336374.5513,2022-08-12 23:59:59.999000064,639067260.944397,422237,167774.3012,318818332.49554,0
2022-08-13,1959.22,2022.0,1947.4,1984.36,319963.4627,2022-08-13 23:59:59.999000064,635879821.832137,413018,160220.2603,318489693.208645,0
2022-08-14,1984.37,2031.13,1907.21,1935.95,277153.4437,2022-08-14 23:59:59.999000064,546334828.619328,373006,135295.8825,266795667.848688,0
2022-08-15,1935.96,2012.68,1873.26,1899.6,432085.3693,2022-08-15 23:59:59.999000064,830317021.853358,559155,211310.7529,406218926.54239696,0
2022-08-16,1899.46,1915.01,1852.65,1876.93,313116.725,2022-08-16 23:59:59.999000064,589566259.353418,427598,156670.8066,295068534.402558,0
2022-08-17,1876.82,1958.0,1819.21,1834.24,434545.8302,2022-08-17 23:59:59.999000064,813172591.676713,579866,216707.9742,405470559.700602,0
2022-08-18,1834.25,1882.55,1821.5,1846.53,265525.0548,2022-08-18 23:59:59.999000064,493614630.85019696,383205,134714.3629,250468079.292035,0
2022-08-19,1846.53,1848.09,1603.01,1608.98,591751.2829,2022-08-19 23:59:59.999000064,1021503184.193912,722323,281516.0694,486173258.056214,0
2022-08-20,1608.97,1656.8,1523.0,1575.78,375728.6142,2022-08-20 23:59:59.999000064,603066620.904756,467092,189073.2524,303733891.752108,0
2022-08-21,1575.77,1646.96,1562.38,1618.21,350856.8197,2022-08-21 23:59:59.999000064,564324209.451746,413606,176479.6616,283774530.661866,0
2022-08-22,1618.08,1629.0,1530.0,1624.62,462586.9389,2022-08-22 23:59:59.999000064,729053363.92097,505617,234261.5197,369202631.982558,0
2022-08-23,1624.63,1674.94,1563.59,1665.23,417558.1522,2022-08-23 23:59:59.999000064,678985358.097037,495439,212349.4943,345402335.975308,0
2022-08-24,1665.4,1694.0,1605.35,1656.45,385645.4685,2022-08-24 23:59:59.999000064,636594868.769378,416087,191451.0292,316052170.546859,0
2022-08-25,1656.46,1722.0,1654.25,1695.02,311906.5608,2022-08-25 23:59:59.999000064,529427085.027192,357586,160951.5839,273203999.106219,0
2022-08-26,1695.25,1706.51,1486.63,1508.19,2670913.9242,2022-08-26 23:59:59.999000064,4351756162.29938,2614067,1325107.3719,2159149919.4840393,0
2022-08-27,1508.19,1518.84,1447.01,1490.92,1166043.0998,2022-08-27 23:59:59.999000064,1742496217.32425,1365865,585215.6945,874521319.232281,0
2022-08-28,1490.92,1510.98,1423.87,1426.75,652124.7608,2022-08-28 23:59:59.999000064,965334661.685996,900832,326195.9958,482949601.092594,0
2022-08-29,1426.58,1560.16,1422.0,1551.83,933257.7577,2022-08-29 23:59:59.999000064,1391411763.697438,1198757,473504.2107,705854537.088943,0
2022-08-30,1551.94,1605.85,1474.0,1524.49,1296474.6422,2022-08-30 23:59:59.999000064,2008656084.954196,1579249,647197.7043,1003077107.15985,0
2022-08-31,1524.55,1619.58,1523.97,1554.01,1387560.402,2022-08-31 23:59:59.999000064,2189610681.408947,1824968,701672.3543,1107438608.435315,0
2022-09-01,1554.02,1599.0,1512.71,1585.85,1085675.8235,2022-09-01 23:59:59.999000064,1688349170.179771,1413698,551288.0997,857308361.82485,0
2022-09-02,1585.72,1648.98,1546.44,1575.36,1160439.8845,2022-09-02 23:59:59.999000064,1856009079.0544727,1367020,573638.2046,917614322.504396,0
2022-09-03,1575.36,1582.58,1534.22,1557.5,579713.2047,2022-09-03 23:59:59.999000064,902230385.974501,780319,285945.7626,445082047.414064,0
2022-09-04,1557.57,1583.54,1540.61,1578.94,544216.8756,2022-09-04 23:59:59.999000064,849405933.989591,734740,271475.7896,423816313.81671107,0
2022-09-05,1578.99,1631.4,1557.11,1617.76,846070.779,2022-09-05 23:59:59.999000064,1339595048.61087,986244,419555.8797,664385397.698172,0
2022-09-06,1617.74,1686.96,1553.72,1559.12,1433057.6527,2022-09-06 23:59:59.999000064,2341479415.314883,1743804,720110.092,1177084779.696672,0
2022-09-07,1558.9,1657.49,1490.54,1629.91,1280905.1341,2022-09-07 23:59:59.999000064,1992015451.1207192,1587433,640002.4523,995732215.935002,0
2022-09-08,1629.87,1664.5,1594.67,1635.66,1203511.7755,2022-09-08 23:59:59.999000064,1960333669.329582,1556034,601715.2566,980255311.689891,0
2022-09-09,1635.59,1747.0,1630.51,1719.03,1358814.9848,2022-09-09 23:59:59.999000064,2317465056.852658,1625575,668458.7362,1140189404.564949,0
2022-09-10,1718.89,1789.96,1706.74,1774.74,770707.9948,2022-09-10 23:59:59.999000064,1336571403.051879,1082515,380777.8653,660533506.6072351,0
2022-09-11,1774.82,1789.88,1720.0,1766.56,693420.8416,2022-09-11 23:59:59.999000064,1222999152.589264,984035,334414.9293,589951624.717443,0
2022-09-12,1766.55,1784.0,1692.84,1716.57,1090948.7524,2022-09-12 23:59:59.999000064,1892290068.7056887,1610436,542426.173,941013116.5091299,0
2022-09-13,1716.58,1766.0,1558.26,1574.43,1557634.5385,2022-09-13 23:59:59.999000064,2571543644.127736,2017694,773664.1281,1278480399.578334,0
2022-09-14,1574.2,1647.0,1552.06,1638.26,1232992.8919,2022-09-14 23:59:59.999000064,1972018822.7733047,1601868,634029.166,1014258546.502605,0
2022-09-15,1638.21,1655.77,1456.0,1472.61,1749846.2381,2022-09-15 23:59:59.999000064,2739216032.952677,2544056,878178.954,1374108612.611396,0
2022-09-16,1472.63,1483.31,1405.3,1433.69,1259112.2691,2022-09-16 23:59:59.999000064,1825768867.1371648,1718811,629888.4,913511627.212032,0
2022-09-17,1433.59,1476.35,1409.08,1468.96,830720.622,2022-09-17 23:59:59.999000064,1200315481.005363,1102679,410751.6616,593505842.712468,0
2022-09-18,1468.96,1469.94,1325.0,1334.42,1594759.8548,2022-09-18 23:59:59.999000064,2219996184.647815,1673680,774705.3999,1078028052.143827,0
2022-09-19,1334.42,1393.51,1280.0,1376.18,1792504.9192,2022-09-19 23:59:59.999000064,2382616504.085208,1975888,901751.6772,1198857190.627591,0
2022-09-20,1376.13,1385.0,1312.06,1322.83,1384320.9656,2022-09-20 23:59:59.999000064,1872123657.0042567,1541760,681699.132,922119891.019692,0
2022-09-21,1322.82,1415.0,1220.0,1246.14,1625291.6898,2022-09-21 23:59:59.999000064,2159167916.788608,2139343,809142.1419,1075659763.940907,0
2022-09-22,1245.86,1349.0,1237.2,1326.23,1930412.8483,2022-09-22 23:59:59.999000064,2485222349.440566,1876038,955515.2498,1230574054.19285,0
2022-09-23,1326.41,1359.6,1262.0,1327.08,1918197.8351,2022-09-23 23:59:59.999000064,2514151403.844289,2052972,928963.4865,1217851952.21259,0
2022-09-24,1327.26,1349.36,1306.43,1317.31,2038992.6248,2022-09-24 23:59:59.999000064,2710020043.265954,1702983,1013714.0626,1347351404.305692,0
2022-09-25,1317.23,1337.23,1269.27,1294.7,1704496.1337,2022-09-25 23:59:59.999000064,2238123620.27621,1725291,839405.9351,1102186288.723213,0
2022-09-26,1294.62,1340.21,1278.19,1336.16,756931.3817,2022-09-26 23:59:59.999000064,994164454.0445101,894365,382908.407,502961742.996112,0
2022-09-27,1336.16,1400.24,1303.33,1327.96,1344878.9269,2022-09-27 23:59:59.999000064,1820805310.183464,1052977,666473.0659,902354494.6885859,0
2022-09-28,1327.97,1356.0,1251.23,1336.97,901461.1696,2022-09-28 23:59:59.999000064,1177253555.816164,728378,446022.2949,582491484.669097,0
2022-09-29,1336.97,1351.91,1288.5,1335.82,642667.8146,2022-09-29 23:59:59.999000064,852828861.968665,582694,320915.3405,425935213.694203,0
2022-09-30,1335.83,1373.33,1314.0,1328.84,589934.1364,2022-09-30 23:59:59.999000064,789326295.9844941,586891,298330.3716,399297040.80135506,0
2022-10-01,1328.77,1333.88,1303.0,1311.79,249454.2113,2022-10-01 23:59:59.999000064,329339727.96793,217858,121926.0524,160986571.395621,0
2022-10-02,1311.8,1318.0,1269.8,1276.72,340630.6379,2022-10-02 23:59:59.999000064,442270035.342684,299262,168052.4074,218259482.9503,0
2022-10-03,1276.73,1330.0,1263.27,1323.31,472537.2218,2022-10-03 23:59:59.999000064,616213054.172526,390063,239699.4948,312503033.210108,0
2022-10-04,1323.35,1369.84,1319.0,1361.85,433765.7355,2022-10-04 23:59:59.999000064,584410766.086396,403033,224643.1248,302576296.739085,0
2022-10-05,1361.85,1364.86,1316.67,1352.52,418252.0528,2022-10-05 23:59:59.999000064,562317658.416562,368627,201911.1465,271547120.590833,0
2022-10-06,1352.46,1384.13,1345.0,1352.27,638914.5063,2022-10-06 23:59:59.999000064,871953013.8863311,438902,316357.6485,431809012.291941,0
2022-10-07,1352.27,1361.78,1317.72,1331.06,391771.53,2022-10-07 23:59:59.999000064,524727900.77756,338481,193896.6265,259778239.736076,0
2022-10-08,1331.07,1337.47,1304.0,1315.53,204201.7716,2022-10-08 23:59:59.999000064,270367660.419101,152759,98703.4918,130706599.507375,0
2022-10-09,1315.53,1329.0,1307.53,1323.34,168805.3587,2022-10-09 23:59:59.999000064,222773621.485862,144543,85059.3265,112268172.76445,0
2022-10-10,1323.34,1338.23,1287.47,1290.1,311134.0577,2022-10-10 23:59:59.999000064,407767281.642156,280290,153268.6504,200931675.889901,0
2022-10-11,1290.06,1297.88,1267.35,1279.86,343642.3752,2022-10-11 23:59:59.999000064,440645986.344593,323831,169107.8192,216837103.823673,0
2022-10-12,1279.79,1306.57,1275.12,1294.46,248507.4802,2022-10-12 23:59:59.999000064,321741702.538109,261384,123492.4586,159882264.955223,0
2022-10-13,1294.45,1301.67,1190.0,1287.09,604850.1249,2022-10-13 23:59:59.999000064,757399992.576428,596052,296838.8054,371826488.50557107,0
2022-10-14,1287.05,1343.2,1282.59,1296.5,418172.9768,2022-10-14 23:59:59.999000064,551395341.229177,445411,208701.8078,275191495.670743,0
2022-10-15,1296.51,1301.68,1263.88,1274.98,152943.7781,2022-10-15 23:59:59.999000064,196567235.468279,173158,72353.9489,92996250.400463,0
2022-10-16,1274.97,1315.0,1274.71,1305.93,181847.9014,2022-10-16 23:59:59.999000064,235280525.985993,206551,96110.148,124384025.381299,0
2022-10-17,1305.92,1339.0,1295.71,1331.47,249819.3337,2022-10-17 23:59:59.999000064,329693122.301545,287422,120038.8499,158411725.145086,0
2022-10-18,1331.46,1342.16,1286.89,1310.74,323406.5945,2022-10-18 23:59:59.999000064,426294412.905549,347432,157950.3953,208198493.94976,0
2022-10-19,1310.74,1313.58,1280.61,1285.12,232573.7882,2022-10-19 23:59:59.999000064,301887684.976863,257707,114453.0187,148584720.353681,0
2022-10-20,1285.12,1310.62,1270.5,1282.7,298603.6159,2022-10-20 23:59:59.999000064,385324424.869938,297586,146807.5715,189502101.376097,0
2022-10-21,1282.59,1306.91,1253.78,1299.86,258436.5582,2022-10-21 23:59:59.999000064,332127877.282841,306839,129291.6981,166189718.567401,0
2022-10-22,1299.87,1320.0,1294.32,1313.73,119796.3983,2022-10-22 23:59:59.999000064,156672468.266372,134703,62443.7975,81672392.559983,0
2022-10-23,1313.74,1371.0,1299.42,1364.3,216730.8901,2022-10-23 23:59:59.999000064,288596735.068501,232687,115474.2901,153886686.922102,0
2022-10-24,1364.29,1370.73,1324.35,1343.82,326145.0855,2022-10-24 23:59:59.999000064,438568711.31133294,340795,163058.0362,219319902.196668,0
2022-10-25,1343.82,1525.16,1335.01,1459.95,678167.1369,2022-10-25 23:59:59.999000064,970946777.0803751,683786,353028.6922,505111552.304122,0
2022-10-26,1459.96,1595.0,1457.71,1566.59,735777.49,2022-10-26 23:59:59.999000064,1130500871.256808,822824,372618.9361,572090785.307184,0
2022-10-27,1566.59,1578.0,1501.0,1514.19,536307.0345,2022-10-27 23:59:59.999000064,830118957.0300311,696191,267820.475,414795103.80403906,0
2022-10-28,1514.2,1576.0,1480.29,1554.77,441640.0755,2022-10-28 23:59:59.999000064,674000696.24559,571238,223270.566,340899272.725187,0
2022-10-29,1554.77,1664.0,1547.8,1620.12,547124.8866,2022-10-29 23:59:59.999000064,885239138.9156871,626971,279599.5314,452565903.750855,0
2022-10-30,1620.13,1640.2,1577.05,1590.75,284689.0915,2022-10-30 23:59:59.999000064,456614963.278822,369562,143837.7713,230894536.788987,0
2022-10-31,1590.75,1635.44,1545.83,1572.5,461088.0707,2022-10-31 23:59:59.999000064,730799323.063348,592622,228771.3791,362666137.04311293,0
2022-11-01,1572.5,1612.57,1563.33,1578.28,330208.1698,2022-11-01 23:59:59.999000064,523400016.37405103,439917,160117.7637,253823578.678686,0
2022-11-02,1578.28,1620.67,1502.01,1518.28,548232.506,2022-11-02 23:59:59.999000064,857306331.180421,755371,268240.641,419784282.822158,0
2022-11-03,1518.27,1558.93,1515.15,1531.05,285223.0855,2022-11-03 23:59:59.999000064,439628948.756954,377185,138907.4601,214069260.277021,0
2022-11-04,1531.05,1677.71,1528.34,1644.97,557725.4165,2022-11-04 23:59:59.999000064,898507095.925779,643290,287218.6139,462865222.667108,0
2022-11-05,1644.97,1667.47,1621.33,1627.28,195226.4951,2022-11-05 23:59:59.999000064,320643651.544491,277944,97011.6887,159399801.0984,0
2022-11-06,1627.0,1638.79,1564.08,1568.54,259165.522,2022-11-06 23:59:59.999000064,417585797.332272,348934,127996.1046,206262614.087231,0
2022-11-07,1568.5,1608.12,1546.29,1568.45,398517.0494,2022-11-07 23:59:59.999000064,628867856.760216,542108,199685.5606,315209277.007928,0
2022-11-08,1568.45,1579.84,1235.87,1334.87,1491083.0692,2022-11-08 23:59:59.999000064,2132130942.146566,1920202,721326.1362,1031621058.188151,0
2022-11-09,1334.78,1337.33,1071.77,1099.97,1488425.9085,2022-11-09 23:59:59.999000064,1800583227.509683,1786002,721971.1931,873852322.8137809,0
2022-11-10,1100.21,1348.0,1084.37,1295.77,1261352.8479,2022-11-10 23:59:59.999000064,1554203774.186104,1588501,632667.4471,778981305.374593,0
2022-11-11,1295.77,1306.71,1199.6,1286.33,973650.4268,2022-11-11 23:59:59.999000064,1227574683.741908,1231218,508202.744,640927279.566879,0
2022-11-12,1286.4,1289.38,1236.0,1255.08,414802.0106,2022-11-12 23:59:59.999000064,523835009.192114,523956,215186.5394,271784358.261212,0
2022-11-13,1255.08,1271.99,1200.0,1219.41,393154.1518,2022-11-13 23:59:59.999000064,484973891.457128,486104,198858.4872,245411545.572007,0
2022-11-14,1219.4,1290.0,1169.9,1241.42,650903.7424,2022-11-14 23:59:59.999000064,801423154.200689,863193,334997.2627,412323709.580559,0
2022-11-15,1241.5,1289.0,1233.0,1251.86,506279.2469,2022-11-15 23:59:59.999000064,637213104.8998929,569078,245278.813,308709834.595396,0
2022-11-16,1251.85,1267.11,1186.0,1215.2,435907.8349,2022-11-16 23:59:59.999000064,534079212.198306,538743,206105.4929,252512455.530214,0
2022-11-17,1215.35,1227.24,1181.4,1199.5,319077.8851,2022-11-17 23:59:59.999000064,383699853.169626,454605,151075.8392,181695744.228733,0
2022-11-18,1199.5,1232.65,1198.08,1211.15,224335.5879,2022-11-18 23:59:59.999000064,272306319.784435,310511,114662.8201,139202730.103907,0
2022-11-19,1211.14,1231.8,1196.46,1216.19,127460.4517,2022-11-19 23:59:59.999000064,154309582.639431,190565,66334.7794,80341265.26342,0
2022-11-20,1216.19,1225.19,1130.7,1140.56,321344.5741,2022-11-20 23:59:59.999000064,378236656.97579694,420387,146124.1398,171980654.129365,0
2022-11-21,1140.56,1145.0,1078.39,1105.96,605780.2229,2022-11-21 23:59:59.999000064,675947220.498343,666957,291772.5539,325691395.230547,0
2022-11-22,1106.11,1145.8,1073.84,1138.1,444280.5798,2022-11-22 23:59:59.999000064,492849680.097918,517556,224322.2929,248889616.513011,0
2022-11-23,1138.25,1189.43,1126.57,1183.31,377272.3006,2022-11-23 23:59:59.999000064,438628258.86629295,476099,189927.3239,220797368.900504,0
2022-11-24,1183.31,1216.88,1180.11,1202.82,282792.2207,2022-11-24 23:59:59.999000064,338977297.193231,351520,135950.1401,163006496.923441,0
2022-11-25,1202.82,1207.0,1169.56,1198.5,233294.4745,2022-11-25 23:59:59.999000064,277165780.466378,313825,117143.6726,139182805.08604,0
2022-11-26,1198.55,1233.77,1195.72,1205.02,216010.6242,2022-11-26 23:59:59.999000064,262510552.144142,293347,108509.6177,131905327.766524,0
2022-11-27,1205.02,1222.68,1188.0,1193.46,139718.4858,2022-11-27 23:59:59.999000064,169286755.361234,211688,66627.9302,80751651.809386,0
2022-11-28,1193.34,1198.65,1150.55,1167.41,266899.2174,2022-11-28 23:59:59.999000064,312550686.568583,343266,133034.7958,155799312.911055,0
2022-11-29,1167.41,1226.76,1157.79,1216.13,313085.0637,2022-11-29 23:59:59.999000064,377210988.347055,364954,159758.5476,192442897.260334,0
2022-11-30,1216.17,1309.29,1212.0,1294.57,394160.6573,2022-11-30 23:59:59.999000064,502027562.14819694,483723,196752.5233,250522130.802752,0
2022-12-01,1294.76,1300.0,1262.66,1276.41,237323.8504,2022-12-01 23:59:59.999000064,303848554.59834,278502,118537.2484,151774187.048173,0
2022-12-02,1276.42,1297.12,1265.54,1295.51,210327.7969,2022-12-02 23:59:59.999000064,269444295.76025,293358,103409.1062,132489264.336186,0
2022-12-03,1295.5,1306.22,1236.17,1240.65,193574.1852,2022-12-03 23:59:59.999000064,246233064.491335,240770,88638.0564,112802572.102339,0
2022-12-04,1240.65,1287.63,1240.2,1279.57,180551.6663,2022-12-04 23:59:59.999000064,228258188.863028,242631,96270.5146,121724223.222877,0
2022-12-05,1279.56,1305.42,1246.37,1259.6,258339.0252,2022-12-05 23:59:59.999000064,330880184.389558,341942,126217.7467,161725832.726228,0
2022-12-06,1259.61,1274.56,1242.03,1271.37,185613.6168,2022-12-06 23:59:59.999000064,233310144.816427,232643,95858.8746,120537464.315844,0
2022-12-07,1271.37,1277.67,1219.0,1231.16,245271.4583,2022-12-07 23:59:59.999000064,303577181.806047,276085,119840.4124,148370171.948961,0
2022-12-08,1231.16,1292.68,1220.17,1280.25,248630.3983,2022-12-08 23:59:59.999000064,311961105.113857,302093,135523.7295,170125234.160369,0
2022-12-09,1280.25,1296.29,1256.04,1263.14,237099.8026,2022-12-09 23:59:59.999000064,302684468.126196,235765,120068.7239,153303022.304397,0
2022-12-10,1263.15,1283.66,1259.69,1266.51,106423.6826,2022-12-10 23:59:59.999000064,135029601.229608,133653,53815.3251,68290258.346781,0
2022-12-11,1266.5,1284.97,1255.79,1263.22,108027.524,2022-12-11 23:59:59.999000064,137328015.732677,138857,52863.8838,67214660.987293,0
2022-12-12,1263.16,1279.21,1240.0,1275.49,220806.6386,2022-12-12 23:59:59.999000064,277120280.297899,244709,110290.187,138485469.9441,0
2022-12-13,1275.5,1348.2,1255.6,1320.73,468227.1298,2022-12-13 23:59:59.999000064,608540990.327433,508073,227853.8897,296164818.398386,0
2022-12-14,1320.72,1352.03,1301.09,1307.61,337508.9848,2022-12-14 23:59:59.999000064,447008073.673408,354265,166017.1339,219862369.622338,0
2022-12-15,1307.61,1311.31,1259.31,1266.47,242130.1389,2022-12-15 23:59:59.999000064,309829951.813993,240479,111384.3433,142591626.319106,0
2022-12-16,1266.46,1280.0,1155.52,1166.73,439750.4198,2022-12-16 23:59:59.999000064,531633188.927052,466434,216959.2713,262234905.531127,0
2022-12-17,1166.91,1190.08,1162.11,1187.23,189653.5518,2022-12-17 23:59:59.999000064,223346854.216613,224598,100084.4086,117859875.53514,0
2022-12-18,1187.22,1196.68,1172.32,1183.39,169824.3221,2022-12-18 23:59:59.999000064,201061249.852259,186759,88764.5783,105087510.383083,0
2022-12-19,1183.43,1195.38,1150.85,1167.78,188571.2116,2022-12-19 23:59:59.999000064,221891360.964249,217891,92932.6371,109375153.344769,0
2022-12-20,1167.78,1230.14,1163.2,1216.97,304201.9463,2022-12-20 23:59:59.999000064,366855483.926038,319868,160666.4033,193776902.55225,0
2022-12-21,1216.96,1222.38,1202.71,1213.77,139126.4152,2022-12-21 23:59:59.999000064,168616414.045615,187122,67994.1753,82419027.226355,0
2022-12-22,1213.74,1236.41,1182.42,1217.6,258248.6506,2022-12-22 23:59:59.999000064,311740215.029451,253118,129321.3434,156086162.107324,0
2022-12-23,1217.66,1231.76,1212.12,1219.98,188228.6731,2022-12-23 23:59:59.999000064,229773189.513566,196484,95189.672,116192115.230264,0
2022-12-24,1219.97,1227.54,1214.7,1220.37,64741.3246,2022-12-24 23:59:59.999000064,78976232.916466,86965,32940.1143,40185846.881507,0
2022-12-25,1220.38,1224.33,1192.38,1218.23,158277.6328,2022-12-25 23:59:59.999000064,191732660.945524,146903,78971.8049,95658617.513362,0
2022-12-26,1218.23,1230.81,1210.67,1227.98,99114.5949,2022-12-26 23:59:59.999000064,120828470.804109,119870,50264.666,61283516.853253,0
2022-12-27,1227.87,1233.38,1200.42,1211.22,196896.1438,2022-12-27 23:59:59.999000064,239235359.135163,180433,95153.5384,115610834.430202,0
2022-12-28,1211.25,1215.3,1180.94,1189.5,268779.0381,2022-12-28 23:59:59.999000064,321291364.301831,252086,130454.6899,155937591.577292,0
2022-12-29,1189.5,1205.78,1186.36,1200.0,183647.6675,2022-12-29 23:59:59.999000064,219755682.123516,193015,93628.2651,112046951.619376,0
2022-12-30,1200.01,1201.52,1180.49,1199.43,177701.2405,2022-12-30 23:59:59.999000064,211933361.749411,179255,88660.5034,105743812.818464,0
2022-12-31,1199.43,1207.84,1191.08,1195.67,104383.5112,2022-12-31 23:59:59.999000064,125168279.180816,120156,49469.9196,59318840.020988,0
2023-01-01,1195.67,1204.0,1190.22,1199.99,80708.5711,2023-01-01 23:59:59.999000064,96602598.695302,93552,37618.0167,45036767.798773,0
2023-01-02,1199.99,1224.0,1192.73,1213.61,169476.319,2023-01-02 23:59:59.999000064,205509845.15916,167029,83369.4214,101126440.186171,0
2023-01-03,1213.61,1219.58,1204.32,1214.14,138161.4996,2023-01-03 23:59:59.999000064,167570117.642606,150050,65928.3091,79966459.52489,0
2023-01-04,1214.15,1272.35,1212.35,1256.34,330544.3267,2023-01-04 23:59:59.999000064,412951328.09269,327363,168381.9838,210310000.6025,0
2023-01-05,1256.34,1259.56,1242.4,1250.85,149221.7449,2023-01-05 23:59:59.999000064,186617563.611392,163222,74939.5931,93726226.707512,0
2023-01-06,1250.9,1276.13,1234.9,1268.8,227664.9511,2023-01-06 23:59:59.999000064,285748064.485816,234084,116540.7731,146334082.440337,0
2023-01-07,1268.81,1270.69,1261.0,1263.79,68432.5742,2023-01-07 23:59:59.999000064,86525376.970682,90319,35254.6062,44576135.79189,0
2023-01-08,1263.78,1295.0,1257.6,1290.04,140428.6576,2023-01-08 23:59:59.999000064,178522070.615322,158277,73719.0028,93709753.24032,0
2023-01-09,1290.06,1345.0,1285.22,1320.3,344652.5055,2023-01-09 23:59:59.999000064,454290859.98259103,389083,173971.7733,229294230.028974,0
2023-01-10,1320.3,1347.67,1316.84,1335.68,206241.8067,2023-01-10 23:59:59.999000064,274525929.84892,246336,113166.1936,150631036.678705,0
2023-01-11,1335.69,1398.47,1321.12,1389.14,240581.9087,2023-01-11 23:59:59.999000064,323594127.388587,279418,125600.9976,169056992.464564,0
2023-01-12,1389.14,1438.15,1363.0,1416.0,493898.8442,2023-01-12 23:59:59.999000064,692919647.694336,516594,249907.8341,350737869.804903,0
2023-01-13,1416.0,1464.21,1401.2,1451.4,346000.802,2023-01-13 23:59:59.999000064,492282238.442222,385318,177635.7996,252664625.080835,0
2023-01-14,1451.4,1595.28,1449.36,1550.27,614734.2849,2023-01-14 23:59:59.999000064,943915429.602319,761835,303151.8734,465361609.55710095,0
2023-01-15,1550.02,1567.44,1515.88,1552.81,248711.8345,2023-01-15 23:59:59.999000064,382597888.68196493,370520,126478.4157,194562432.153189,0
2023-01-16,1552.82,1603.25,1521.49,1576.96,371778.2263,2023-01-16 23:59:59.999000064,580776381.9242289,517438,187034.1009,292246272.56798,0
2023-01-17,1576.97,1608.27,1541.27,1565.61,314971.6634,2023-01-17 23:59:59.999000064,495544658.26834494,416925,155210.5295,244239276.984856,0
2023-01-18,1565.66,1610.0,1501.81,1511.38,459175.4748,2023-01-18 23:59:59.999000064,714228376.3527889,544436,222722.3969,346593672.274284,0
2023-01-19,1511.22,1564.19,1509.44,1551.06,237973.5518,2023-01-19 23:59:59.999000064,364879674.071849,251815,121743.5229,186707512.734087,0
2023-01-20,1551.06,1669.0,1542.12,1658.82,379101.0447,2023-01-20 23:59:59.999000064,603593149.051448,390022,194023.6668,308990326.129106,0
2023-01-21,1658.83,1683.56,1619.75,1626.85,348644.1261,2023-01-21 23:59:59.999000064,575768434.484562,387381,170260.2656,281227969.07074,0
2023-01-22,1626.9,1663.9,1605.0,1628.02,277564.8049,2023-01-22 23:59:59.999000064,452425733.48744494,312452,137229.7107,223742326.432639,0
2023-01-23,1628.0,1648.3,1587.0,1626.54,304156.8888,2023-01-23 23:59:59.999000064,494864227.866336,349824,152339.1795,247955512.33018,0
2023-01-24,1626.54,1641.51,1535.0,1556.21,347763.1979,2023-01-24 23:59:59.999000064,558957558.397596,358033,163489.0883,262820583.061179,0
2023-01-25,1556.21,1640.67,1518.0,1612.12,507386.2218,2023-01-25 23:59:59.999000064,794157530.183869,513905,256528.6608,401658003.55269104,0
2023-01-26,1612.16,1633.12,1577.63,1601.14,342241.3987,2023-01-26 23:59:59.999000064,550079431.459336,356356,167504.468,269235798.692895,0
2023-01-27,1601.22,1621.5,1552.56,1597.85,349359.226,2023-01-27 23:59:59.999000064,553321389.865678,373358,168452.5944,266835077.161923,0
2023-01-28,1597.84,1606.68,1556.36,1572.3,211059.4418,2023-01-28 23:59:59.999000064,333940691.096914,232263,99068.3181,156745693.070458,0
2023-01-29,1572.3,1660.0,1566.96,1645.0,379267.6661,2023-01-29 23:59:59.999000064,612732096.402189,404467,195772.491,316357207.392587,0
2023-01-30,1645.01,1647.64,1535.5,1566.36,426692.2179,2023-01-30 23:59:59.999000064,678276351.441072,403130,201059.8379,319468434.930185,0
2023-01-31,1566.36,1605.08,1561.72,1585.33,246380.9514,2023-01-31 23:59:59.999000064,389209449.28814,268350,122046.8837,192799429.662612,0
2023-02-01,1585.32,1647.94,1555.8,1641.99,355028.2435,2023-02-01 23:59:59.999000064,567318762.100388,427959,182192.119,291040903.724535,0
2023-02-02,1641.99,1714.47,1626.66,1643.5,480491.9499,2023-02-02 23:59:59.999000064,803866450.321615,512782,239159.6064,400148641.653423,0
2023-02-03,1643.5,1676.0,1626.56,1663.68,344049.0432,2023-02-03 23:59:59.999000064,567397194.485384,389890,177182.6586,292211111.686929,0
2023-02-04,1663.68,1695.0,1645.59,1666.39,207316.463,2023-02-04 23:59:59.999000064,346524957.14904,265108,104264.1526,174280532.085028,0
2023-02-05,1666.38,1673.99,1610.0,1629.45,264697.3334,2023-02-05 23:59:59.999000064,435274315.45979106,326976,136974.5048,225289622.965695,0
2023-02-06,1629.45,1658.51,1605.55,1614.42,272678.0802,2023-02-06 23:59:59.999000064,445115907.70503694,335597,136998.3579,223649650.398913,0
2023-02-07,1614.41,1678.34,1613.24,1671.0,309163.073,2023-02-07 23:59:59.999000064,508526005.20845103,390060,156468.2177,257352819.795392,0
2023-02-08,1671.0,1697.69,1631.0,1650.53,298926.1827,2023-02-08 23:59:59.999000064,497279561.19110894,357003,145170.877,241510636.294499,0
2023-02-09,1650.53,1656.08,1525.0,1545.62,461738.1197,2023-02-09 23:59:59.999000064,740375345.366067,546171,218485.914,350686545.219305,0
2023-02-10,1545.61,1554.84,1493.17,1513.32,345761.9637,2023-02-10 23:59:59.999000064,530127637.39575106,405498,176185.3111,270234970.652001,0
2023-02-11,1513.31,1543.28,1506.3,1538.78,168122.6973,2023-02-11 23:59:59.999000064,255764721.315579,190154,87393.6584,132951037.6427,0
2023-02-12,1538.78,1548.16,1493.94,1515.29,181864.0797,2023-02-12 23:59:59.999000064,277866971.323538,225408,88653.0909,135478820.442375,0
2023-02-13,1515.09,1526.56,1463.6,1506.88,448319.6848,2023-02-13 23:59:59.999000064,669614807.609172,454410,245288.7471,366369076.67907,0
2023-02-14,1506.93,1569.84,1488.0,1556.35,367123.4836,2023-02-14 23:59:59.999000064,561472321.57698,393735,172268.5409,263542602.173867,0
2023-02-15,1556.35,1680.0,1543.33,1675.31,327799.3016,2023-02-15 23:59:59.999000064,525693813.588357,385738,167284.5041,268188049.949045,0
2023-02-16,1675.31,1742.3,1633.81,1638.02,465907.1329,2023-02-16 23:59:59.999000064,787843278.269435,546586,223106.7712,377395057.37021106,0
2023-02-17,1638.01,1721.79,1631.08,1694.31,325553.5157,2023-02-17 23:59:59.999000064,545406844.242448,418479,168747.6259,282727872.672654,0
2023-02-18,1694.24,1713.16,1680.07,1692.0,137822.0664,2023-02-18 23:59:59.999000064,233569697.22764,196037,68899.8596,116758210.511066,0
2023-02-19,1691.99,1726.85,1666.81,1680.32,189476.9265,2023-02-19 23:59:59.999000064,321404277.013122,287657,93354.8616,158383461.270745,0
2023-02-20,1680.33,1719.68,1651.48,1703.59,197286.8989,2023-02-20 23:59:59.999000064,334679411.086789,339341,101907.0891,172915460.032679,0
2023-02-21,1703.59,1716.63,1636.7,1660.02,268741.3305,2023-02-21 23:59:59.999000064,451360972.366108,385865,136775.7304,229734189.692267,0
2023-02-22,1660.02,1667.0,1595.1,1643.33,312494.0673,2023-02-22 23:59:59.999000064,509515810.78527904,426951,159582.3764,260193519.137367,0
2023-02-23,1643.32,1680.01,1629.32,1650.76,323646.3291,2023-02-23 23:59:59.999000064,535824037.826742,397933,157234.3861,260314186.007128,0
2023-02-24,1650.76,1664.72,1575.5,1607.84,284718.4104,2023-02-24 23:59:59.999000064,461564351.67592496,381652,140781.9838,228088301.794127,0
2023-02-25,1607.85,1608.93,1558.0,1594.6,128846.9685,2023-02-25 23:59:59.999000064,205026193.812672,204564,63338.9623,100777179.073229,0
2023-02-26,1594.6,1652.42,1587.81,1641.47,146645.9787,2023-02-26 23:59:59.999000064,237301609.986549,223811,73015.0951,118118974.609141,0
2023-02-27,1641.41,1665.08,1608.02,1633.39,216568.6996,2023-02-27 23:59:59.999000064,354971477.170321,289976,103429.374,169565855.046029,0
2023-02-28,1633.39,1647.7,1597.24,1605.43,175111.6768,2023-02-28 23:59:59.999000064,285080440.026329,254024,89832.6085,146274010.192316,0
2023-03-01,1605.44,1669.5,1595.34,1665.37,250796.0611,2023-03-01 23:59:59.999000064,412915165.887437,310948,132442.2832,218053292.583975,0
2023-03-02,1665.37,1678.35,1619.19,1647.99,241110.4893,2023-03-02 23:59:59.999000064,396006093.254266,264325,119044.0515,195479627.828693,0
2023-03-03,1648.0,1649.24,1546.05,1569.48,373896.0738,2023-03-03 23:59:59.999000064,587569383.698892,368069,183526.3069,288238621.642777,0
2023-03-04,1569.49,1577.5,1549.56,1566.79,103975.6236,2023-03-04 23:59:59.999000064,162727165.457765,125751,50251.2524,78658830.640779,0
2023-03-05,1566.8,1588.81,1553.89,1564.73,152507.3294,2023-03-05 23:59:59.999000064,239466568.881682,167004,74773.2359,117416355.244853,0
2023-03-06,1564.73,1583.37,1555.0,1565.59,136660.0167,2023-03-06 23:59:59.999000064,214141929.680076,171886,71523.075,112088507.430462,0
2023-03-07,1565.59,1584.45,1536.0,1561.92,250857.2714,2023-03-07 23:59:59.999000064,390996979.804458,236015,124347.5078,193753515.650141,0
2023-03-08,1561.92,1570.76,1524.03,1532.19,203283.6657,2023-03-08 23:59:59.999000064,315680876.101186,228663,99868.4965,155116803.669909,0
2023-03-09,1532.19,1546.69,1409.43,1437.36,363713.3597,2023-03-09 23:59:59.999000064,544165507.00597,382830,169874.6382,254284688.553581,0
2023-03-10,1437.36,1438.58,1369.48,1430.66,531573.4686,2023-03-10 23:59:59.999000064,749518911.9286151,552848,279550.1024,394282073.819494,0
2023-03-11,1430.61,1490.0,1417.37,1482.49,554852.187,2023-03-11 23:59:59.999000064,807688765.7324941,608151,295619.9308,429882027.973923,0
2023-03-12,1482.5,1599.1,1456.42,1586.35,366882.3573,2023-03-12 23:59:59.999000064,554729617.7014129,502262,185152.1456,280394920.050508,0
2023-03-13,1586.35,1700.0,1569.69,1678.76,451232.6718,2023-03-13 23:59:59.999000064,733376147.46626,674064,227407.4303,370047401.876854,0
2023-03-14,1678.62,1784.0,1661.62,1705.21,475340.3817,2023-03-14 23:59:59.999000064,815864166.3650471,730125,249367.8811,427861938.25293696,0
2023-03-15,1705.11,1722.86,1616.0,1655.64,324293.7972,2023-03-15 23:59:59.999000064,542537790.629376,557680,167021.828,279227524.892531,0
2023-03-16,1655.91,1694.45,1638.0,1676.57,203820.7862,2023-03-16 23:59:59.999000064,338509480.643564,320967,103537.4232,171975121.43922,0
2023-03-17,1676.64,1801.49,1666.0,1791.41,307098.9612,2023-03-17 23:59:59.999000064,531375518.215706,524016,159984.3872,276959582.866902,0
2023-03-18,1791.32,1843.0,1752.65,1763.29,246885.2198,2023-03-18 23:59:59.999000064,444441201.154274,518636,120416.2362,216794340.704455,0
2023-03-19,1763.37,1845.76,1762.46,1785.8,233655.6637,2023-03-19 23:59:59.999000064,420439326.084776,472031,117488.8699,211389836.592467,0
2023-03-20,1785.8,1808.17,1728.0,1736.99,249514.4875,2023-03-20 23:59:59.999000064,441892585.32779,534211,127092.1123,225132769.330121,0
2023-03-21,1737.0,1837.5,1722.16,1804.31,214823.9936,2023-03-21 23:59:59.999000064,383599187.13187903,392270,110126.4204,196722850.615638,0
2023-03-22,1804.31,1822.89,1714.33,1738.43,334568.7409,2023-03-22 23:59:59.999000064,595636377.7496209,494231,167215.5985,297864295.566957,0
2023-03-23,1738.44,1859.23,1733.49,1817.0,233517.9235,2023-03-23 23:59:59.999000064,419488988.242081,314465,123439.1717,221685540.080193,0
2023-03-24,1817.0,1821.92,1729.0,1751.69,188782.3553,2023-03-24 23:59:59.999000064,334193352.514456,250285,92688.7674,163993192.789298,0
2023-03-25,1751.76,1765.14,1715.86,1744.01,115689.1501,2023-03-25 23:59:59.999000064,201913281.171774,158419,56600.8681,98802227.270176,0
2023-03-26,1744.01,1802.95,1741.6,1775.81,125472.6005,2023-03-26 23:59:59.999000064,222302458.868632,176556,63437.9401,112385094.754128,0
2023-03-27,1775.81,1782.28,1688.69,1716.17,189570.7456,2023-03-27 23:59:59.999000064,328227723.907287,240840,95177.1508,164813426.481888,0
2023-03-28,1716.18,1795.95,1702.47,1773.7,172557.4009,2023-03-28 23:59:59.999000064,300932359.808241,225925,87616.5462,152866062.379634,0
2023-03-29,1773.74,1828.19,1773.22,1793.58,149492.345,2023-03-29 23:59:59.999000064,269349875.226168,203321,76560.9707,137905010.882803,0
2023-03-30,1793.52,1829.99,1763.47,1794.47,147857.8241,2023-03-30 23:59:59.999000064,265111912.822447,216632,72155.5712,129385512.014522,0
2023-03-31,1794.48,1847.9,1780.0,1822.21,148021.3556,2023-03-31 23:59:59.999000064,268744746.517059,197613,75758.4942,137601376.775609,0
2023-04-01,1822.21,1843.09,1810.2,1822.09,61940.3156,2023-04-01 23:59:59.999000064,113004671.878803,96334,31528.9558,57526928.545596,0
2023-04-02,1822.1,1826.35,1773.32,1795.7,84722.2905,2023-04-02 23:59:59.999000064,152793784.637708,115461,40593.0178,73190564.610397,0
2023-04-03,1795.7,1840.0,1764.0,1811.39,138345.0265,2023-04-03 23:59:59.999000064,249247705.58774,206729,69167.1685,124666795.426057,0
2023-04-04,1811.45,1893.47,1803.18,1871.17,137798.0237,2023-04-04 23:59:59.999000064,254860455.424842,215556,70058.4562,129695344.127832,0
2023-04-05,1871.17,1944.0,1865.44,1909.59,143792.1339,2023-04-05 23:59:59.999000064,274312552.554819,218612,70815.6945,135099228.264631,0
2023-04-06,1909.42,1910.81,1854.96,1873.22,97107.5652,2023-04-06 23:59:59.999000064,182312385.802337,156020,45344.3666,85130258.575522,0
2023-04-07,1873.22,1883.45,1842.34,1865.14,63564.006,2023-04-07 23:59:59.999000064,118275173.444437,104670,32513.2826,60509734.46002,0
2023-04-08,1865.14,1880.68,1848.56,1849.97,42561.999,2023-04-08 23:59:59.999000064,79306998.47815,78745,21831.0016,40662706.369584,0
2023-04-09,1850.14,1874.59,1824.63,1859.99,70209.8989,2023-04-09 23:59:59.999000064,129686367.36022,110686,34016.998,62835960.279442,0
2023-04-10,1859.99,1920.0,1847.46,1911.66,89929.0788,2023-04-10 23:59:59.999000064,169116035.232231,132293,47363.795,89076766.768135,0
2023-04-11,1911.65,1938.24,1883.0,1891.25,92480.6623,2023-04-11 23:59:59.999000064,176921884.702455,138014,46689.0283,89327713.35038,0
2023-04-12,1891.26,1934.11,1854.55,1918.18,124482.2192,2023-04-12 23:59:59.999000064,236095369.159264,192754,61874.0406,117346196.937772,0
2023-04-13,1918.18,2023.0,1900.38,2012.59,138282.0044,2023-04-13 23:59:59.999000064,273069511.70851,197600,72636.794,143494208.505381,0
2023-04-14,2012.59,2129.17,2010.02,2100.35,187183.1771,2023-04-14 23:59:59.999000064,392081724.33072704,275312,95803.7642,200674558.796058,0
2023-04-15,2100.36,2112.19,2071.3,2091.55,79047.8635,2023-04-15 23:59:59.999000064,165668450.703756,114261,40691.1572,85281056.363424,0
2023-04-16,2091.55,2141.3,2073.8,2119.23,76685.3875,2023-04-16 23:59:59.999000064,161383943.597193,123951,39143.4299,82369213.817691,0
2023-04-17,2118.88,2120.98,2057.39,2075.23,102059.2004,2023-04-17 23:59:59.999000064,212633621.011109,149875,49273.8025,102647627.939425,0
2023-04-18,2075.24,2124.0,2051.42,2103.9,99827.5008,2023-04-18 23:59:59.999000064,208975469.099984,140358,47675.0626,99823723.208656,0
2023-04-19,2103.83,2104.75,1924.44,1935.01,190355.168,2023-04-19 23:59:59.999000064,380454333.79306895,263714,90815.0153,181511608.455916,0
2023-04-20,1935.0,1983.42,1915.0,1943.45,143872.0086,2023-04-20 23:59:59.999000064,280117901.107773,207894,70274.3077,136844529.569624,0
2023-04-21,1943.54,1957.49,1834.85,1849.0,155770.0943,2023-04-21 23:59:59.999000064,296700419.231361,201867,78867.1871,150211618.579258,0
