,open time,open,high,low,close,volume,close time,quote asset volume,number of trades,tb base volume,tb quote volume,ignore
0,2021-09-13,0.02109,0.07826,0.02109,0.04725,3487410802.0,2021-09-13 23:59:59.999000064,211365976.11298,626443,1683845296.0,102174551.42128,0
1,2021-09-14,0.04725,0.05386,0.04378,0.04378,953151047.0,2021-09-14 23:59:59.999000064,46588327.7077,143481,466808465.0,22845617.78956,0
2,2021-09-15,0.0438,0.057,0.04301,0.05147,562338725.0,2021-09-15 23:59:59.999000064,26443699.71659,92940,288129257.0,13557302.11253,0
3,2021-09-16,0.05144,0.14769,0.05109,0.10006,7193899514.0,2021-09-16 23:59:59.999000064,750882998.3797,1905745,3624788981.0,377656340.54622,0
4,2021-09-17,0.09991,0.1245,0.08516,0.11663,2441945588.0,2021-09-17 23:59:59.999000064,253990074.82092,675767,1200821322.0,125124589.11645,0
5,2021-09-18,0.11682,0.13819,0.10265,0.11575,2516986032.0,2021-09-18 23:59:59.999000064,302845445.60624,778354,1266150629.0,152716450.14637,0
6,2021-09-19,0.11566,0.1294,0.10755,0.11014,1015340837.0,2021-09-19 23:59:59.999000064,121062066.38705,286332,501639758.0,59884037.82794,0
7,2021-09-20,0.11014,0.11182,0.08607,0.09038,1113085079.0,2021-09-20 23:59:59.999000064,109202764.6499,237161,546162573.0,53562086.36175,0
8,2021-09-21,0.09047,0.114,0.0838,0.09915,1398261514.0,2021-09-21 23:59:59.999000064,142306821.17676,294274,695745199.0,70867758.27486,0
9,2021-09-22,0.09917,0.11145,0.098,0.10784,696506050.0,2021-09-22 23:59:59.999000064,72588717.12887,160632,350893835.0,36599647.4973,0
10,2021-09-23,0.10782,0.12232,0.10602,0.11272,655823464.0,2021-09-23 23:59:59.999000064,74304532.66641,162784,323730985.0,36690338.31859,0
11,2021-09-24,0.11273,0.115,0.09216,0.0972,552526652.0,2021-09-24 23:59:59.999000064,55451413.71967,122412,263532767.0,26386261.25491,0
12,2021-09-25,0.09724,0.10148,0.09042,0.09252,299831997.0,2021-09-25 23:59:59.999000064,28666147.8615,68010,142534468.0,13645060.8602,0
13,2021-09-26,0.09249,0.09784,0.08133,0.088,417734118.0,2021-09-26 23:59:59.999000064,37283849.40569,93353,202067268.0,18060845.00495,0
14,2021-09-27,0.08794,0.09578,0.08405,0.08436,337823075.0,2021-09-27 23:59:59.999000064,30482728.34877,72721,167655537.0,15140286.21222,0
15,2021-09-28,0.08429,0.08754,0.07605,0.07666,199333112.0,2021-09-28 23:59:59.999000064,16338216.52184,37280,91344463.0,7491690.14561,0
16,2021-09-29,0.07672,0.08979,0.07632,0.08352,302884458.0,2021-09-29 23:59:59.999000064,25231719.3574,59064,147395974.0,12284315.37027,0
17,2021-09-30,0.08351,0.10143,0.08205,0.10044,579547208.0,2021-09-30 23:59:59.999000064,53237523.91756,125755,294069414.0,27037623.08212,0
18,2021-10-01,0.10046,0.1069,0.0945,0.10056,569316364.0,2021-10-01 23:59:59.999000064,57117823.81669,149314,275406426.0,27646920.21896,0
19,2021-10-02,0.10057,0.1097,0.1,0.10139,374568821.0,2021-10-02 23:59:59.999000064,39036121.99522,90518,188383417.0,19655760.77142,0
20,2021-10-03,0.10139,0.12376,0.0964,0.1141,736583608.0,2021-10-03 23:59:59.999000064,83772317.7035,197039,371618795.0,42296069.22693,0
21,2021-10-04,0.1141,0.11944,0.10672,0.11235,460604972.0,2021-10-04 23:59:59.999000064,52000959.5299,118669,219861730.0,24862574.11671,0
22,2021-10-05,0.11249,0.11386,0.10174,0.10485,255497176.0,2021-10-05 23:59:59.999000064,27484319.70505,67930,124391175.0,13374691.15966,0
23,2021-10-06,0.1049,0.10666,0.09353,0.09908,289179188.0,2021-10-06 23:59:59.999000064,29006959.1841,71441,140537550.0,14103439.87533,0
24,2021-10-07,0.0991,0.10263,0.09404,0.09636,209977899.0,2021-10-07 23:59:59.999000064,20674194.26508,53893,95356353.0,9408940.65596,0
25,2021-10-08,0.09637,0.10508,0.09625,0.09966,201492124.0,2021-10-08 23:59:59.999000064,20136481.41008,60275,98730427.0,9874302.66582,0
26,2021-10-09,0.09953,0.10708,0.09753,0.0993,166627083.0,2021-10-09 23:59:59.999000064,17034703.29165,54865,78596947.0,8048778.94852,0
27,2021-10-10,0.09931,0.09998,0.09,0.09065,140917493.0,2021-10-10 23:59:59.999000064,13409438.86167,44461,61027847.0,5810817.34416,0
28,2021-10-11,0.0905,0.0944,0.08546,0.08896,175692148.0,2021-10-11 23:59:59.999000064,15939312.42734,45220,89211664.0,8090485.09889,0
29,2021-10-12,0.08891,0.089,0.07962,0.08591,206899703.0,2021-10-12 23:59:59.999000064,17455135.13177,50974,103103515.0,8697450.44927,0
30,2021-10-13,0.08591,0.091,0.08162,0.08465,209743535.0,2021-10-13 23:59:59.999000064,17902048.83736,49755,104132036.0,8894592.10678,0
31,2021-10-14,0.08465,0.09785,0.08465,0.09165,371746679.0,2021-10-14 23:59:59.999000064,33952644.25063,100714,186428964.0,17020976.54571,0
32,2021-10-15,0.0917,0.0917,0.08301,0.08884,225620705.0,2021-10-15 23:59:59.999000064,19788020.69432,67710,110494762.0,9689086.24082,0
33,2021-10-16,0.08885,0.09258,0.08525,0.08646,134956811.0,2021-10-16 23:59:59.999000064,12016884.5104,39816,64877761.0,5775133.63131,0
34,2021-10-17,0.08661,0.08932,0.0812,0.0838,107197871.0,2021-10-17 23:59:59.999000064,9229924.22296,30242,51911826.0,4473491.07316,0
35,2021-10-18,0.0838,0.08526,0.08146,0.08333,86438740.0,2021-10-18 23:59:59.999000064,7175858.85172,23309,41826689.0,3474003.22864,0
36,2021-10-19,0.08333,0.08489,0.08252,0.08325,86432839.0,2021-10-19 23:59:59.999000064,7216167.12501,21840,43650712.0,3646119.07604,0
37,2021-10-20,0.08327,0.088,0.0825,0.08674,168180567.0,2021-10-20 23:59:59.999000064,14402081.25403,39302,84220109.0,7216001.81953,0
38,2021-10-21,0.08664,0.08907,0.08198,0.08347,133193690.0,2021-10-21 23:59:59.999000064,11456091.1323,34658,67427290.0,5805355.58797,0
39,2021-10-22,0.08351,0.08574,0.08247,0.08369,79959507.0,2021-10-22 23:59:59.999000064,6705661.72626,20438,37468138.0,3143051.91678,0
40,2021-10-23,0.08383,0.08553,0.08304,0.08419,54866214.0,2021-10-23 23:59:59.999000064,4629393.86483,14383,26759287.0,2258727.90891,0
41,2021-10-24,0.08422,0.08619,0.07952,0.0816,94800344.0,2021-10-24 23:59:59.999000064,7886713.07141,23017,44552772.0,3709494.11679,0
42,2021-10-25,0.08164,0.08584,0.08114,0.08456,87526734.0,2021-10-25 23:59:59.999000064,7311419.39845,21077,42798238.0,3577989.88971,0
43,2021-10-26,0.08451,0.0916,0.08327,0.09038,140502174.0,2021-10-26 23:59:59.999000064,12224295.76866,42447,73906230.0,6436890.48226,0
44,2021-10-27,0.09039,0.09742,0.06981,0.07489,412276012.0,2021-10-27 23:59:59.999000064,34619389.68786,114372,215106107.0,18016277.64142,0
45,2021-10-28,0.07495,0.08298,0.07425,0.081,160481131.0,2021-10-28 23:59:59.999000064,12551618.91223,48067,80418494.0,6292702.12298,0
46,2021-10-29,0.08104,0.099,0.08045,0.09252,389158970.0,2021-10-29 23:59:59.999000064,35686658.11275,120211,203167676.0,18650985.72634,0
47,2021-10-30,0.09253,0.1175,0.09146,0.1049,547983892.0,2021-10-30 23:59:59.999000064,56394899.17807,167059,275658818.0,28389298.06,0
48,2021-10-31,0.1049,0.11811,0.09004,0.0954,239842800.0,2021-10-31 23:59:59.999000064,24077499.17786,76993,115140231.0,11578338.11272,0
49,2021-11-01,0.09554,0.09663,0.08801,0.0911,135850821.0,2021-11-01 23:59:59.999000064,12547305.09844,36968,66544808.0,6153829.38976,0
50,2021-11-02,0.0911,0.10186,0.08922,0.09803,234469652.0,2021-11-02 23:59:59.999000064,22473469.95276,63216,115696130.0,11102414.79198,0
51,2021-11-03,0.09795,0.10381,0.091,0.09522,141264482.0,2021-11-03 23:59:59.999000064,13680959.62975,48100,70193437.0,6817419.20081,0
52,2021-11-04,0.09524,0.09766,0.09013,0.092,87443437.0,2021-11-04 23:59:59.999000064,8187047.10142,27083,41446720.0,3883681.22853,0
53,2021-11-05,0.092,0.09519,0.09055,0.0914,74933015.0,2021-11-05 23:59:59.999000064,6951569.57873,21495,37192224.0,3452092.48968,0
54,2021-11-06,0.09132,0.09343,0.08503,0.09069,94930761.0,2021-11-06 23:59:59.999000064,8507759.24575,25225,46997398.0,4209696.22564,0
55,2021-11-07,0.09077,0.09278,0.08977,0.09064,52148625.0,2021-11-07 23:59:59.999000064,4757433.96715,14782,23309151.0,2126783.80877,0
56,2021-11-08,0.09058,0.09314,0.08906,0.09289,60156603.0,2021-11-08 23:59:59.999000064,5460173.78908,16102,30203907.0,2743413.6046,0
57,2021-11-09,0.09296,0.09395,0.0874,0.08939,80044328.0,2021-11-09 23:59:59.999000064,7234402.78565,20124,41035529.0,3707333.13151,0
58,2021-11-10,0.0894,0.09214,0.07445,0.08201,118644451.0,2021-11-10 23:59:59.999000064,10150363.69867,32739,57255275.0,4883220.62288,0
59,2021-11-11,0.08195,0.08843,0.08106,0.08608,81759287.0,2021-11-11 23:59:59.999000064,6997642.41107,21983,41545358.0,3557202.45719,0
60,2021-11-12,0.08606,0.09095,0.08131,0.08418,111302516.0,2021-11-12 23:59:59.999000064,9514343.25686,26877,56029372.0,4790609.01057,0
61,2021-11-13,0.08427,0.10406,0.08403,0.09416,401311656.0,2021-11-13 23:59:59.999000064,38457407.65223,106841,205953017.0,19741575.84452,0
62,2021-11-14,0.09416,0.09747,0.08983,0.09332,135875462.0,2021-11-14 23:59:59.999000064,12651604.4137,38263,65004618.0,6055204.7542,0
63,2021-11-15,0.09325,0.1278,0.09323,0.12518,568159954.0,2021-11-15 23:59:59.999000064,62337885.77077,167532,300694499.0,32941910.19349,0
64,2021-11-16,0.12533,0.144,0.11247,0.11478,989692352.0,2021-11-16 23:59:59.999000064,125404508.12714,318375,490218799.0,62236743.97255,0
65,2021-11-17,0.11469,0.27859,0.11252,0.23,1558936201.0,2021-11-17 23:59:59.999000064,315294534.29811,784431,801126429.0,161497625.01077,0
66,2021-11-18,0.23035,0.28822,0.204,0.22938,1128933750.0,2021-11-18 23:59:59.999000064,265524181.19138,567205,566744565.0,133523719.34608,0
67,2021-11-19,0.22942,0.25837,0.21787,0.23441,561029826.0,2021-11-19 23:59:59.999000064,132795206.52392,292883,281977138.0,66801112.86006,0
68,2021-11-20,0.23444,0.39222,0.23083,0.35431,1044685396.0,2021-11-20 23:59:59.999000064,349379147.55513,732622,529403654.0,176665019.69462,0
69,2021-11-21,0.35429,0.48828,0.345,0.37052,713399309.0,2021-11-21 23:59:59.999000064,302125765.89542,539983,347727564.0,147586130.69549,0
70,2021-11-22,0.37072,0.43714,0.35852,0.39228,410641099.0,2021-11-22 23:59:59.999000064,161431257.70022,320390,203759382.0,80234490.9157,0
71,2021-11-23,0.39272,0.40889,0.36,0.377,223458007.0,2021-11-23 23:59:59.999000064,85433377.97654,162667,107361219.0,41069362.51274,0
72,2021-11-24,0.3775,0.59132,0.3705,0.5825,645236363.0,2021-11-24 23:59:59.999000064,297625497.35887,637952,333876201.0,154128342.13897,0
73,2021-11-25,0.58239,0.7845,0.52404,0.74334,727843406.0,2021-11-25 23:59:59.999000064,489747916.53292,1013820,365789387.0,246215938.1219,0
74,2021-11-26,0.74419,0.84207,0.61788,0.713,539694557.0,2021-11-26 23:59:59.999000064,393254536.49833,767894,268950000.0,196146583.76664,0
75,2021-11-27,0.71236,0.726,0.6311,0.66143,266210226.0,2021-11-27 23:59:59.999000064,179088065.01549,306336,129957530.0,87489378.08106,0
76,2021-11-28,0.6614,0.71993,0.57144,0.7112,309965762.0,2021-11-28 23:59:59.999000064,198756219.76278,363267,156277850.0,100422212.9076,0
77,2021-11-29,0.7112,0.75,0.6443,0.6505,206155340.0,2021-11-29 23:59:59.999000064,145151288.51813,258896,102006783.0,71916129.00344,0
78,2021-11-30,0.651,0.67,0.61337,0.6217,135680700.0,2021-11-30 23:59:59.999000064,86657307.77443,158194,66381568.0,42405155.42471,0
79,2021-12-01,0.62101,0.66399,0.61597,0.64526,143676997.0,2021-12-01 23:59:59.999000064,91379548.00769,162757,69815846.0,44435661.29115,0
80,2021-12-02,0.64564,0.67985,0.57348,0.59498,135514959.0,2021-12-02 23:59:59.999000064,82487370.82039,155051,67404543.0,41046316.80524,0
81,2021-12-03,0.59492,0.59855,0.47846,0.5074,141864159.0,2021-12-03 23:59:59.999000064,75955131.05501,138802,67033836.0,35883681.13605,0
82,2021-12-04,0.5074,0.57963,0.36321,0.55847,312621076.0,2021-12-04 23:59:59.999000064,147057654.79724,270941,157660472.0,74220188.63242,0
83,2021-12-05,0.55931,0.58563,0.45593,0.4867,212193876.0,2021-12-05 23:59:59.999000064,109525525.13043,230125,102045548.0,52697330.52974,0
84,2021-12-06,0.48664,0.5345,0.42559,0.50936,184799346.0,2021-12-06 23:59:59.999000064,87032013.71766,153367,91618245.0,43205282.22905,0
85,2021-12-07,0.50859,0.51855,0.46419,0.47729,115063786.0,2021-12-07 23:59:59.999000064,56425905.20803,116055,56067870.0,27517190.44538,0
86,2021-12-08,0.47774,0.50668,0.4431,0.50239,91198798.0,2021-12-08 23:59:59.999000064,43065472.44704,82777,46395076.0,21948145.87978,0
87,2021-12-09,0.50287,0.55775,0.48241,0.49562,204472686.0,2021-12-09 23:59:59.999000064,106190383.05417,221949,102817333.0,53453756.25208,0
88,2021-12-10,0.49567,0.51725,0.46951,0.48049,118859531.0,2021-12-10 23:59:59.999000064,58462557.06995,123379,58607673.0,28845428.73613,0
89,2021-12-11,0.48001,0.5704,0.46001,0.56851,179277468.0,2021-12-11 23:59:59.999000064,95014840.59979,187798,91057546.0,48258493.43262,0
90,2021-12-12,0.56884,0.63004,0.56385,0.59209,201918497.0,2021-12-12 23:59:59.999000064,119610724.1041,225766,100224439.0,59386169.61016,0
91,2021-12-13,0.592,0.59907,0.4925,0.50689,155214558.0,2021-12-13 23:59:59.999000064,82538986.93947,130984,77724198.0,41220833.46663,0
92,2021-12-14,0.50646,0.51599,0.469,0.50423,111896445.0,2021-12-14 23:59:59.999000064,55359035.98073,104702,55438461.0,27436794.01272,0
93,2021-12-15,0.50423,0.51201,0.45871,0.50107,121938977.0,2021-12-15 23:59:59.999000064,59665196.35055,106767,58802649.0,28786774.00158,0
94,2021-12-16,0.50108,0.5188,0.46502,0.46705,74777488.0,2021-12-16 23:59:59.999000064,37138953.57666,70482,36726320.0,18253074.69712,0
95,2021-12-17,0.46732,0.48152,0.43504,0.45298,82742032.0,2021-12-17 23:59:59.999000064,37962617.16996,71895,39812268.0,18276804.42426,0
96,2021-12-18,0.45298,0.47457,0.43728,0.46492,73023402.0,2021-12-18 23:59:59.999000064,33508253.23055,52329,36151835.0,16591406.65482,0
97,2021-12-19,0.46496,0.4792,0.44135,0.44444,46909317.0,2021-12-19 23:59:59.999000064,21686492.72206,39430,23524704.0,10886172.83244,0
98,2021-12-20,0.4443,0.44932,0.40854,0.43048,61300526.0,2021-12-20 23:59:59.999000064,26279623.00411,51028,29371654.0,12603777.20942,0
99,2021-12-21,0.43069,0.44917,0.42448,0.44124,45913848.0,2021-12-21 23:59:59.999000064,20144744.23371,39194,23113299.0,10142350.44086,0
100,2021-12-22,0.44117,0.45428,0.43114,0.43756,52680417.0,2021-12-22 23:59:59.999000064,23317662.19432,46565,25635622.0,11351795.96426,0
101,2021-12-23,0.4377,0.52864,0.4276,0.51315,124008782.0,2021-12-23 23:59:59.999000064,60297165.03337,127438,64657819.0,31446423.74374,0
102,2021-12-24,0.5136,0.52183,0.46561,0.47256,75217308.0,2021-12-24 23:59:59.999000064,37511980.73307,88117,35989113.0,17977560.06954,0
103,2021-12-25,0.47258,0.51113,0.468,0.49813,61130728.0,2021-12-25 23:59:59.999000064,30359668.49395,68958,31465182.0,15626139.15581,0
104,2021-12-26,0.49778,0.52839,0.48036,0.51131,71894141.0,2021-12-26 23:59:59.999000064,36197875.47123,73691,35484436.0,17890662.05196,0
105,2021-12-27,0.51134,0.55385,0.50857,0.53735,72224294.0,2021-12-27 23:59:59.999000064,38878157.22985,95743,38335409.0,20634782.16236,0
106,2021-12-28,0.53731,0.53731,0.45897,0.46658,79560777.0,2021-12-28 23:59:59.999000064,39225281.1035,93225,38102709.0,18789782.31873,0
107,2021-12-29,0.46664,0.487,0.44157,0.45,45746098.0,2021-12-29 23:59:59.999000064,21307148.88385,52017,22412882.0,10450829.49484,0
108,2021-12-30,0.45002,0.48,0.44073,0.46203,41031556.0,2021-12-30 23:59:59.999000064,19224698.38163,51059,21795992.0,10215501.26049,0
109,2021-12-31,0.46198,0.47584,0.44418,0.45027,31346553.0,2021-12-31 23:59:59.999000064,14529688.41506,35528,14960417.0,6938139.28135,0
110,2022-01-01,0.45082,0.46468,0.45058,0.46133,15610629.0,2022-01-01 23:59:59.999000064,7152930.89971,18529,7783679.0,3567192.9065,0
111,2022-01-02,0.46163,0.46417,0.451,0.45694,16448911.0,2022-01-02 23:59:59.999000064,7524062.09992,17978,7338058.0,3358775.30181,0
112,2022-01-03,0.45666,0.45804,0.43118,0.44127,22580427.0,2022-01-03 23:59:59.999000064,10095529.50004,23306,10810214.0,4835829.14542,0
113,2022-01-04,0.44127,0.44396,0.42035,0.42593,30794290.0,2022-01-04 23:59:59.999000064,13317421.2592,30167,14808913.0,6405170.49838,0
114,2022-01-05,0.42573,0.44086,0.3407,0.37719,67442043.0,2022-01-05 23:59:59.999000064,26754487.95815,58330,31368111.0,12427018.59225,0
115,2022-01-06,0.37719,0.40102,0.35582,0.38277,66663157.0,2022-01-06 23:59:59.999000064,25047472.4412,50068,33519028.0,12590538.25983,0
116,2022-01-07,0.38297,0.38546,0.33791,0.34432,68028732.0,2022-01-07 23:59:59.999000064,24103917.57348,48921,33315575.0,11805349.43825,0
117,2022-01-08,0.34442,0.35457,0.30435,0.31476,50430063.0,2022-01-08 23:59:59.999000064,16571521.37321,31865,24407468.0,8011803.21669,0
118,2022-01-09,0.31392,0.3459,0.311,0.32795,40558611.0,2022-01-09 23:59:59.999000064,13253355.71756,27220,20043592.0,6544070.98751,0
119,2022-01-10,0.32781,0.33273,0.29,0.30679,45637812.0,2022-01-10 23:59:59.999000064,14003309.0217,28077,22195045.0,6813771.33422,0
120,2022-01-11,0.30697,0.32554,0.30238,0.32089,32434765.0,2022-01-11 23:59:59.999000064,10140617.22862,21807,15883503.0,4967292.53207,0
121,2022-01-12,0.32114,0.36611,0.32017,0.35932,57348846.0,2022-01-12 23:59:59.999000064,19972584.91568,47259,29001959.0,10097602.99804,0
122,2022-01-13,0.3595,0.3643,0.32431,0.32677,47671640.0,2022-01-13 23:59:59.999000064,16513007.26509,41524,21507766.0,7458075.1669,0
123,2022-01-14,0.32662,0.33559,0.31776,0.3247,30766315.0,2022-01-14 23:59:59.999000064,10027929.40837,24233,15019861.0,4901280.52659,0
124,2022-01-15,0.32492,0.35,0.32187,0.33572,37038597.0,2022-01-15 23:59:59.999000064,12463372.82889,28635,18230035.0,6130651.87517,0
125,2022-01-16,0.33564,0.34132,0.32307,0.32878,35036096.0,2022-01-16 23:59:59.999000064,11598925.63732,25456,16728431.0,5541337.9104,0
126,2022-01-17,0.3291,0.32985,0.29889,0.30438,30024254.0,2022-01-17 23:59:59.999000064,9400054.69393,23213,14098845.0,4413398.46552,0
127,2022-01-18,0.3044,0.31436,0.29047,0.3,45036846.0,2022-01-18 23:59:59.999000064,13562223.5366,29760,23147664.0,6981313.97305,0
128,2022-01-19,0.30001,0.30184,0.27329,0.27798,37361931.0,2022-01-19 23:59:59.999000064,10681307.80846,24457,17080143.0,4878502.87473,0
129,2022-01-20,0.27794,0.29434,0.25827,0.26151,32543064.0,2022-01-20 23:59:59.999000064,9120582.75281,23736,15550805.0,4359417.71956,0
130,2022-01-21,0.26131,0.26607,0.20174,0.21588,82228444.0,2022-01-21 23:59:59.999000064,19322216.13405,47807,38957853.0,9157604.98744,0
131,2022-01-22,0.21583,0.22263,0.15419,0.18125,150280764.0,2022-01-22 23:59:59.999000064,27273640.7899,72091,75769154.0,13743883.71926,0
132,2022-01-23,0.18147,0.2016,0.17943,0.19648,84964746.0,2022-01-23 23:59:59.999000064,16075556.46526,40432,42962150.0,8133094.48933,0
133,2022-01-24,0.19613,0.19671,0.16055,0.18505,116388344.0,2022-01-24 23:59:59.999000064,20374649.48076,46926,57310310.0,10029727.71196,0
134,2022-01-25,0.18498,0.19828,0.1748,0.18728,60459835.0,2022-01-25 23:59:59.999000064,11092855.1554,26212,29419884.0,5403577.7427,0
135,2022-01-26,0.18698,0.23239,0.18403,0.21038,148936739.0,2022-01-26 23:59:59.999000064,31564534.77671,72682,78090342.0,16545180.1879,0
136,2022-01-27,0.20976,0.21429,0.17844,0.18864,95600237.0,2022-01-27 23:59:59.999000064,18740909.94141,42196,45389360.0,8890948.32475,0
137,2022-01-28,0.18829,0.19365,0.18038,0.19011,58125752.0,2022-01-28 23:59:59.999000064,10874738.89703,27357,29100117.0,5447731.84191,0
138,2022-01-29,0.19025,0.2,0.18729,0.1923,51623651.0,2022-01-29 23:59:59.999000064,9982417.18842,21874,23466807.0,4540487.81655,0
139,2022-01-30,0.19248,0.21072,0.18637,0.1897,78724394.0,2022-01-30 23:59:59.999000064,15672056.10678,36018,38102993.0,7591464.19071,0
140,2022-01-31,0.18974,0.20085,0.1796,0.19787,58772393.0,2022-01-31 23:59:59.999000064,11128142.98999,24978,28144890.0,5336320.20458,0
141,2022-02-01,0.19793,0.21,0.19621,0.20575,77810985.0,2022-02-01 23:59:59.999000064,15813029.757,33353,40011940.0,8127741.0433,0
142,2022-02-02,0.20587,0.20775,0.18135,0.18671,74121388.0,2022-02-02 23:59:59.999000064,14526085.3953,31688,33441959.0,6565766.85385,0
143,2022-02-03,0.1865,0.1882,0.17804,0.1875,54405717.0,2022-02-03 23:59:59.999000064,10025673.37692,25643,28090910.0,5178189.21098,0
144,2022-02-04,0.1874,0.20503,0.18432,0.20189,62535785.0,2022-02-04 23:59:59.999000064,12074477.1186,27380,29922604.0,5778550.82965,0
145,2022-02-05,0.20193,0.29696,0.20092,0.29247,299668995.0,2022-02-05 23:59:59.999000064,76229935.12782,155779,150261221.0,38170142.13622,0
146,2022-02-06,0.29246,0.35849,0.28983,0.32015,348892468.0,2022-02-06 23:59:59.999000064,114549164.80978,212931,171867825.0,56426515.36667,0
147,2022-02-07,0.32055,0.38458,0.30279,0.34802,276028779.0,2022-02-07 23:59:59.999000064,97166154.05225,186614,138401986.0,48693982.12269,0
148,2022-02-08,0.34821,0.38274,0.32001,0.38125,202201863.0,2022-02-08 23:59:59.999000064,70181318.11194,138473,104048050.0,36174680.12866,0
149,2022-02-09,0.38148,0.39617,0.34895,0.35868,163252959.0,2022-02-09 23:59:59.999000064,59900399.65028,121908,77491015.0,28452692.88242,0
150,2022-02-10,0.35865,0.37085,0.32198,0.32776,151415376.0,2022-02-10 23:59:59.999000064,52899918.04831,107859,72940460.0,25514487.76994,0
151,2022-02-11,0.32772,0.34906,0.29885,0.3066,125565404.0,2022-02-11 23:59:59.999000064,41288856.55574,77696,61969346.0,20386271.30522,0
152,2022-02-12,0.30619,0.32184,0.29161,0.30961,110586141.0,2022-02-12 23:59:59.999000064,34093810.16742,59029,54133147.0,16696166.74621,0
153,2022-02-13,0.30941,0.31536,0.276,0.28062,73583281.0,2022-02-13 23:59:59.999000064,21805754.46313,48292,34768560.0,10314281.11835,0
154,2022-02-14,0.2808,0.30639,0.27462,0.29505,114110640.0,2022-02-14 23:59:59.999000064,33031257.99015,63655,56785240.0,16448749.45383,0
155,2022-02-15,0.29505,0.36,0.29445,0.35601,198585492.0,2022-02-15 23:59:59.999000064,66308760.3702,142108,100301584.0,33478311.12527,0
156,2022-02-16,0.3561,0.35652,0.32288,0.3324,123032998.0,2022-02-16 23:59:59.999000064,41448409.97902,83956,58357523.0,19646223.29777,0
157,2022-02-17,0.33213,0.34089,0.29427,0.30192,127295210.0,2022-02-17 23:59:59.999000064,40406585.17745,90781,60752156.0,19298356.4878,0
158,2022-02-18,0.30185,0.3128,0.28697,0.28987,115536515.0,2022-02-18 23:59:59.999000064,34578597.12618,70432,57729597.0,17297923.52411,0
159,2022-02-19,0.28977,0.3018,0.2765,0.28156,84450881.0,2022-02-19 23:59:59.999000064,24239215.40302,46482,39801704.0,11439062.27656,0
160,2022-02-20,0.28177,0.2822,0.24,0.25032,113453798.0,2022-02-20 23:59:59.999000064,29363392.8453,58216,54907635.0,14226746.78578,0
161,2022-02-21,0.25034,0.28,0.22292,0.22451,198565202.0,2022-02-21 23:59:59.999000064,50634481.31318,85790,95844385.0,24441966.19607,0
162,2022-02-22,0.22451,0.24441,0.21486,0.24253,177927717.0,2022-02-22 23:59:59.999000064,40682913.15792,64234,89525273.0,20487227.25452,0
163,2022-02-23,0.24252,0.25262,0.21694,0.218,172198518.0,2022-02-23 23:59:59.999000064,41010142.96319,67607,84565490.0,20184459.05911,0
164,2022-02-24,0.21804,0.244,0.19232,0.22771,295385192.0,2022-02-24 23:59:59.999000064,62275084.2845,114906,148165543.0,31303647.95142,0
165,2022-02-25,0.22785,0.26707,0.22522,0.25872,256786460.0,2022-02-25 23:59:59.999000064,62704994.21387,123545,130479914.0,31855527.06274,0
166,2022-02-26,0.25876,0.26899,0.24292,0.24908,201347748.0,2022-02-26 23:59:59.999000064,50987268.98005,89915,96823455.0,24541370.36089,0
167,2022-02-27,0.24917,0.255,0.22919,0.23193,164140368.0,2022-02-27 23:59:59.999000064,39649211.41152,75606,79292105.0,19164804.52804,0
168,2022-02-28,0.23202,0.26315,0.22353,0.26063,152031854.0,2022-02-28 23:59:59.999000064,36723604.88409,77200,78687549.0,19016476.06348,0
169,2022-03-01,0.26079,0.27701,0.2485,0.25872,240086648.0,2022-03-01 23:59:59.999000064,63276313.26924,126159,120638055.0,31825956.01586,0
170,2022-03-02,0.25873,0.26965,0.24945,0.2545,167714974.0,2022-03-02 23:59:59.999000064,43292259.18123,84099,81006531.0,20934829.40614,0
171,2022-03-03,0.25458,0.26,0.24046,0.24349,109064275.0,2022-03-03 23:59:59.999000064,27298357.70125,48567,52609576.0,13171027.25318,0
172,2022-03-04,0.24355,0.24437,0.21849,0.22288,123386664.0,2022-03-04 23:59:59.999000064,28943916.73213,51454,58741500.0,13792215.92443,0
173,2022-03-05,0.223,0.23469,0.21283,0.2318,60436217.0,2022-03-05 23:59:59.999000064,13540434.0612,28763,27879814.0,6255578.56214,0
174,2022-03-06,0.2319,0.23735,0.21493,0.21616,65847224.0,2022-03-06 23:59:59.999000064,14883174.68855,31969,31029933.0,7031789.16981,0
175,2022-03-07,0.21613,0.22969,0.20934,0.2148,65662565.0,2022-03-07 23:59:59.999000064,14307286.59318,30985,30742379.0,6707112.99466,0
176,2022-03-08,0.2148,0.23054,0.2129,0.21958,59202898.0,2022-03-08 23:59:59.999000064,13190290.60316,31790,29552034.0,6591659.21209,0
177,2022-03-09,0.2196,0.24035,0.21787,0.23274,93291444.0,2022-03-09 23:59:59.999000064,21615305.95645,40463,45036839.0,10431564.77501,0
178,2022-03-10,0.23286,0.23367,0.2117,0.21723,59700531.0,2022-03-10 23:59:59.999000064,13097063.76979,31000,28300547.0,6206036.36382,0
179,2022-03-11,0.21731,0.2229,0.21031,0.21154,51946703.0,2022-03-11 23:59:59.999000064,11222283.77975,27232,24178537.0,5228124.08475,0
180,2022-03-12,0.21145,0.21899,0.211,0.21388,39888712.0,2022-03-12 23:59:59.999000064,8609636.14984,20092,19453385.0,4198997.21215,0
181,2022-03-13,0.21377,0.24231,0.21125,0.21706,140994561.0,2022-03-13 23:59:59.999000064,32326622.35849,65661,68831045.0,15800433.8757,0
182,2022-03-14,0.21692,0.22464,0.2138,0.21985,66401996.0,2022-03-14 23:59:59.999000064,14484874.62773,33832,31218889.0,6809749.91564,0
183,2022-03-15,0.21997,0.22356,0.2125,0.21472,52125554.0,2022-03-15 23:59:59.999000064,11328460.45885,26911,24771437.0,5387612.50591,0
184,2022-03-16,0.2147,0.23996,0.21387,0.23903,115493966.0,2022-03-16 23:59:59.999000064,25727558.3283,55498,59989702.0,13387239.6128,0
185,2022-03-17,0.23896,0.24173,0.22463,0.22694,84237347.0,2022-03-17 23:59:59.999000064,19400750.84729,40665,42112121.0,9702462.29403,0
186,2022-03-18,0.22707,0.23313,0.2178,0.2299,72715500.0,2022-03-18 23:59:59.999000064,16280068.40139,33874,37265470.0,8351974.4475,0
187,2022-03-19,0.22999,0.25795,0.2274,0.24921,122750832.0,2022-03-19 23:59:59.999000064,29656642.05451,64350,63694386.0,15399711.23768,0
188,2022-03-20,0.24897,0.2573,0.22887,0.23422,99918434.0,2022-03-20 23:59:59.999000064,24083280.16129,54772,47587770.0,11482757.73947,0
189,2022-03-21,0.2342,0.23916,0.22429,0.23579,75359690.0,2022-03-21 23:59:59.999000064,17568811.33799,36364,38293663.0,8935207.84047,0
190,2022-03-22,0.23577,0.25505,0.23522,0.24126,90756494.0,2022-03-22 23:59:59.999000064,22275095.57072,48679,45468169.0,11152998.66873,0
191,2022-03-23,0.24117,0.25197,0.23645,0.24944,77766845.0,2022-03-23 23:59:59.999000064,18990844.18552,37984,38534576.0,9409811.46102,0
192,2022-03-24,0.24956,0.26253,0.24536,0.25335,112427126.0,2022-03-24 23:59:59.999000064,28510034.78871,62236,57447631.0,14570007.2413,0
193,2022-03-25,0.2535,0.2666,0.24301,0.24514,119550056.0,2022-03-25 23:59:59.999000064,30493932.98169,63322,56753612.0,14485569.78891,0
194,2022-03-26,0.24506,0.2541,0.2423,0.25184,58003566.0,2022-03-26 23:59:59.999000064,14447905.51627,31011,29470390.0,7346443.25257,0
195,2022-03-27,0.25172,0.26445,0.24567,0.26354,68181325.0,2022-03-27 23:59:59.999000064,17345775.93341,39467,33912648.0,8635645.27372,0
196,2022-03-28,0.26343,0.29143,0.25944,0.26279,162948123.0,2022-03-28 23:59:59.999000064,44692855.21783,103662,80366957.0,22055064.03261,0
197,2022-03-29,0.26286,0.28223,0.26215,0.27081,106222908.0,2022-03-29 23:59:59.999000064,28877319.42288,72042,53083485.0,14433971.0333,0
198,2022-03-30,0.27093,0.2841,0.25589,0.27226,102128014.0,2022-03-30 23:59:59.999000064,27651865.56467,74251,50211453.0,13626766.08518,0
199,2022-03-31,0.27197,0.28774,0.24903,0.25454,116175891.0,2022-03-31 23:59:59.999000064,31195361.31864,91226,54290398.0,14610610.67684,0
200,2022-04-01,0.25452,0.2678,0.24105,0.26154,94388995.0,2022-04-01 23:59:59.999000064,23923034.35699,66060,47291418.0,11993087.06565,0
201,2022-04-02,0.26168,0.27797,0.25368,0.25456,82643130.0,2022-04-02 23:59:59.999000064,22000648.359,66136,40408355.0,10767665.11353,0
202,2022-04-03,0.25461,0.26929,0.25013,0.26647,52769875.0,2022-04-03 23:59:59.999000064,13756019.15397,40790,26264647.0,6851529.35078,0
203,2022-04-04,0.26648,0.26668,0.2446,0.2569,46837896.0,2022-04-04 23:59:59.999000064,12032425.88714,40151,21706636.0,5582116.44549,0
204,2022-04-05,0.25667,0.2631,0.24752,0.24837,47434425.0,2022-04-05 23:59:59.999000064,12163303.27623,38056,23466479.0,6021485.93911,0
205,2022-04-06,0.24815,0.24933,0.21865,0.22028,81798837.0,2022-04-06 23:59:59.999000064,19061442.08503,64391,37266484.0,8700752.60736,0
206,2022-04-07,0.21995,0.23138,0.21612,0.22785,44891149.0,2022-04-07 23:59:59.999000064,10084961.72614,36288,22817778.0,5127978.31682,0
207,2022-04-08,0.22786,0.23128,0.21086,0.21386,46665442.0,2022-04-08 23:59:59.999000064,10407637.39058,33777,22092036.0,4932893.083,0
208,2022-04-09,0.21377,0.22695,0.21223,0.22595,35997132.0,2022-04-09 23:59:59.999000064,7842428.57595,26041,18384849.0,4009161.06833,0
209,2022-04-10,0.22596,0.22705,0.21398,0.21506,34435411.0,2022-04-10 23:59:59.999000064,7617131.15763,28534,16327194.0,3615036.44968,0
210,2022-04-11,0.21491,0.21832,0.18933,0.19278,56687632.0,2022-04-11 23:59:59.999000064,11528077.75161,41174,26681952.0,5427783.62102,0
211,2022-04-12,0.19278,0.20712,0.19111,0.20139,47934983.0,2022-04-12 23:59:59.999000064,9597949.47836,31794,22794611.0,4562828.50914,0
212,2022-04-13,0.20164,0.20835,0.19732,0.20728,34696739.0,2022-04-13 23:59:59.999000064,7030176.91557,23843,16876691.0,3421589.54112,0
213,2022-04-14,0.20728,0.21042,0.19545,0.19782,36623203.0,2022-04-14 23:59:59.999000064,7428005.83462,21928,17457688.0,3542439.60656,0
214,2022-04-15,0.19794,0.20239,0.1974,0.20155,25749046.0,2022-04-15 23:59:59.999000064,5150552.68625,17939,12893000.0,2579386.35284,0
215,2022-04-16,0.20169,0.20528,0.19905,0.20279,19520025.0,2022-04-16 23:59:59.999000064,3949740.47908,14655,10209324.0,2066631.60696,0
216,2022-04-17,0.20274,0.20401,0.19001,0.19225,31452281.0,2022-04-17 23:59:59.999000064,6285739.79606,17701,14786037.0,2958560.18569,0
217,2022-04-18,0.19217,0.19648,0.18108,0.19485,59560423.0,2022-04-18 23:59:59.999000064,11313212.76285,33491,30145987.0,5733946.74674,0
218,2022-04-19,0.19488,0.20279,0.19183,0.19983,62733686.0,2022-04-19 23:59:59.999000064,12402517.49646,42301,31884463.0,6303084.30659,0
219,2022-04-20,0.19983,0.20992,0.19124,0.19595,86232604.0,2022-04-20 23:59:59.999000064,17224277.6622,60643,44322847.0,8867054.10987,0
220,2022-04-21,0.19593,0.20231,0.18538,0.1893,63817720.0,2022-04-21 23:59:59.999000064,12474172.27143,41410,29628641.0,5787697.61445,0
221,2022-04-22,0.1893,0.19448,0.18649,0.19214,38032682.0,2022-04-22 23:59:59.999000064,7239478.28862,29749,18800530.0,3578928.57515,0
222,2022-04-23,0.19214,0.19307,0.18532,0.18751,27986079.0,2022-04-23 23:59:59.999000064,5301473.23587,20119,13389558.0,2537449.48609,0
223,2022-04-24,0.18776,0.18962,0.184,0.18703,27554550.0,2022-04-24 23:59:59.999000064,5165047.37747,20822,13281744.0,2490773.6766,0
224,2022-04-25,0.1867,0.18709,0.17011,0.1823,58502570.0,2022-04-25 23:59:59.999000064,10378524.3067,40180,28420783.0,5041296.57928,0
225,2022-04-26,0.1823,0.185,0.16128,0.16419,48466671.0,2022-04-26 23:59:59.999000064,8505002.97097,34119,23010614.0,4045796.15061,0
226,2022-04-27,0.16424,0.17441,0.16351,0.17251,51208623.0,2022-04-27 23:59:59.999000064,8657946.0724,30656,26483707.0,4478527.94608,0
227,2022-04-28,0.17264,0.1748,0.165,0.16904,51826200.0,2022-04-28 23:59:59.999000064,8843288.65318,29702,26650264.0,4547590.69684,0
228,2022-04-29,0.16905,0.17143,0.15138,0.15499,54284926.0,2022-04-29 23:59:59.999000064,8809822.41732,35481,25519061.0,4143630.24622,0
229,2022-04-30,0.15525,0.1578,0.12017,0.13158,76013242.0,2022-04-30 23:59:59.999000064,11007729.67345,43262,35342282.0,5124444.95078,0
230,2022-05-01,0.13147,0.14466,0.12917,0.14276,102601064.0,2022-05-01 23:59:59.999000064,14112234.99442,46890,52101011.0,7167323.59592,0
231,2022-05-02,0.14268,0.14374,0.13242,0.13563,75187170.0,2022-05-02 23:59:59.999000064,10404021.46291,37983,37517732.0,5190970.02391,0
232,2022-05-03,0.13568,0.14449,0.13252,0.13655,61557049.0,2022-05-03 23:59:59.999000064,8544767.49577,32871,30886883.0,4287916.85262,0
233,2022-05-04,0.13661,0.16571,0.13556,0.16186,118107706.0,2022-05-04 23:59:59.999000064,17318640.04493,60084,60715184.0,8901295.14066,0
234,2022-05-05,0.16192,0.16397,0.13113,0.13892,96552720.0,2022-05-05 23:59:59.999000064,14351014.35768,47286,46246321.0,6871119.48196,0
235,2022-05-06,0.13889,0.14782,0.13269,0.14366,86556085.0,2022-05-06 23:59:59.999000064,12091848.05039,45419,44218713.0,6179352.46523,0
236,2022-05-07,0.14372,0.14828,0.13051,0.1355,71411914.0,2022-05-07 23:59:59.999000064,9994197.44831,40057,34106971.0,4776873.04706,0
237,2022-05-08,0.13563,0.13714,0.12848,0.13058,58102933.0,2022-05-08 23:59:59.999000064,7755061.66333,31020,28558704.0,3813335.29298,0
238,2022-05-09,0.1307,0.13324,0.102,0.10287,96555932.0,2022-05-09 23:59:59.999000064,11524143.0824,42761,47784590.0,5694827.49214,0
239,2022-05-10,0.10282,0.12483,0.10086,0.10877,116241045.0,2022-05-10 23:59:59.999000064,13103315.0643,52197,61698018.0,6953244.38511,0
240,2022-05-11,0.10881,0.11276,0.05727,0.06563,228864902.0,2022-05-11 23:59:59.999000064,19129210.83856,91510,111091697.0,9289823.71199,0
241,2022-05-12,0.06553,0.07316,0.045,0.06825,213234671.0,2022-05-12 23:59:59.999000064,13119158.28529,79336,111935557.0,6884135.89191,0
242,2022-05-13,0.06816,0.10874,0.06627,0.09173,484749521.0,2022-05-13 23:59:59.999000064,45896805.86657,146140,243943085.0,23129612.70212,0
243,2022-05-14,0.09175,0.10592,0.08096,0.09945,279374433.0,2022-05-14 23:59:59.999000064,25537793.44809,101743,137577932.0,12587475.27094,0
244,2022-05-15,0.09962,0.10332,0.09,0.10041,198820186.0,2022-05-15 23:59:59.999000064,18867753.33029,78376,96837206.0,9189100.72562,0
245,2022-05-16,0.10031,0.10038,0.08436,0.08607,225018554.0,2022-05-16 23:59:59.999000064,20023836.30312,86235,113047501.0,10070611.44647,0
246,2022-05-17,0.08608,0.09268,0.08362,0.08924,187832104.0,2022-05-17 23:59:59.999000064,16682222.78966,75643,91253301.0,8110529.11452,0
247,2022-05-18,0.0892,0.09079,0.07656,0.0778,169987555.0,2022-05-18 23:59:59.999000064,14051586.02762,70388,82236476.0,6789277.2275,0
248,2022-05-19,0.07779,0.08731,0.07446,0.08572,227711072.0,2022-05-19 23:59:59.999000064,18548689.4938,81400,112794616.0,9191857.6097,0
249,2022-05-20,0.08581,0.08768,0.0773,0.082,256252234.0,2022-05-20 23:59:59.999000064,21084408.53452,81863,128108850.0,10547514.23437,0
250,2022-05-21,0.08197,0.08635,0.07886,0.08555,195767780.0,2022-05-21 23:59:59.999000064,16084566.00909,63514,98477721.0,8093148.9748,0
251,2022-05-22,0.08558,0.08623,0.08106,0.0847,163113401.0,2022-05-22 23:59:59.999000064,13700638.79791,63361,78094133.0,6558228.66844,0
252,2022-05-23,0.08468,0.09131,0.07865,0.08017,212738982.0,2022-05-23 23:59:59.999000064,18404895.17348,76020,107972570.0,9337990.04188,0
253,2022-05-24,0.08021,0.08454,0.07615,0.0834,123977495.0,2022-05-24 23:59:59.999000064,10019049.5226,45312,61981234.0,5010683.41221,0
254,2022-05-25,0.08341,0.08436,0.07818,0.08008,119475295.0,2022-05-25 23:59:59.999000064,9677145.73545,36727,57409224.0,4650214.68451,0
255,2022-05-26,0.08016,0.08313,0.0704,0.07298,170053332.0,2022-05-26 23:59:59.999000064,13009312.81165,51198,85244539.0,6535614.95763,0
256,2022-05-27,0.07294,0.07437,0.06771,0.0702,153027030.0,2022-05-27 23:59:59.999000064,10872362.37347,44631,77219127.0,5488165.28331,0
257,2022-05-28,0.07023,0.0732,0.06934,0.07243,92260761.0,2022-05-28 23:59:59.999000064,6611834.71077,27185,44608018.0,3194183.04783,0
258,2022-05-29,0.07245,0.07895,0.06994,0.07831,114062160.0,2022-05-29 23:59:59.999000064,8447610.82733,30116,55370978.0,4103065.20778,0
259,2022-05-30,0.07833,0.08498,0.07667,0.08403,170890249.0,2022-05-30 23:59:59.999000064,13850643.96885,52495,83644832.0,6778941.28756,0
260,2022-05-31,0.08405,0.08803,0.07913,0.08291,175823923.0,2022-05-31 23:59:59.999000064,14673307.69434,57778,77210346.0,6444151.27787,0
261,2022-06-01,0.08303,0.08375,0.07127,0.07348,134092888.0,2022-06-01 23:59:59.999000064,10536632.63169,41156,64592828.0,5082478.75625,0
262,2022-06-02,0.07345,0.07747,0.07216,0.07617,103972821.0,2022-06-02 23:59:59.999000064,7755288.25853,30365,52979665.0,3952726.34535,0
263,2022-06-03,0.0762,0.07703,0.0704,0.07352,104723587.0,2022-06-03 23:59:59.999000064,7662969.77148,28860,52808595.0,3866476.80052,0
264,2022-06-04,0.07356,0.07603,0.07072,0.07452,69810479.0,2022-06-04 23:59:59.999000064,5162132.10411,19666,34309678.0,2537769.47312,0
265,2022-06-05,0.07455,0.07646,0.07236,0.07451,59876796.0,2022-06-05 23:59:59.999000064,4442312.02579,18316,30949628.0,2297502.92196,0
266,2022-06-06,0.07454,0.08888,0.07436,0.08788,183962061.0,2022-06-06 23:59:59.999000064,14911256.22563,51777,91652735.0,7444084.87641,0
267,2022-06-07,0.08791,0.09057,0.07645,0.07855,405777888.0,2022-06-07 23:59:59.999000064,33168351.16835,105203,196823285.0,16109890.73904,0
268,2022-06-08,0.07857,0.0822,0.0742,0.075,143493553.0,2022-06-08 23:59:59.999000064,11245895.07111,37274,70365306.0,5522047.76303,0
269,2022-06-09,0.07503,0.07803,0.07368,0.076,85217932.0,2022-06-09 23:59:59.999000064,6485001.95301,22270,40074842.0,3049639.68221,0
270,2022-06-10,0.07599,0.07645,0.068,0.06907,140865958.0,2022-06-10 23:59:59.999000064,10068496.71192,35038,67082939.0,4803864.60353,0
271,2022-06-11,0.06904,0.07118,0.06126,0.06274,114233383.0,2022-06-11 23:59:59.999000064,7477454.58821,27642,52689282.0,3451436.62971,0
272,2022-06-12,0.06273,0.06402,0.05606,0.05732,187796507.0,2022-06-12 23:59:59.999000064,11302515.72193,41281,89219234.0,5368795.0808,0
273,2022-06-13,0.05725,0.06386,0.05046,0.05983,369453249.0,2022-06-13 23:59:59.999000064,20755113.90127,76380,180934561.0,10165683.32247,0
274,2022-06-14,0.05979,0.0666,0.05476,0.06078,388600006.0,2022-06-14 23:59:59.999000064,23825171.65766,82600,193146035.0,11850137.68985,0
275,2022-06-15,0.06085,0.06566,0.05331,0.06518,358863037.0,2022-06-15 23:59:59.999000064,20871640.78782,72288,178929148.0,10412829.14411,0
276,2022-06-16,0.06524,0.0665,0.054,0.05528,213086648.0,2022-06-16 23:59:59.999000064,12507813.14225,43040,107192827.0,6291493.63567,0
277,2022-06-17,0.05524,0.05799,0.05468,0.0567,115133745.0,2022-06-17 23:59:59.999000064,6516297.59012,27179,55760785.0,3157959.42619,0
278,2022-06-18,0.05666,0.0578,0.04962,0.05336,204825695.0,2022-06-18 23:59:59.999000064,10922140.76004,46653,100332717.0,5354502.40962,0
279,2022-06-19,0.05336,0.05692,0.05045,0.05623,197663101.0,2022-06-19 23:59:59.999000064,10621963.26295,37216,98646321.0,5294957.1566,0
280,2022-06-20,0.05625,0.05791,0.05265,0.05631,145177148.0,2022-06-20 23:59:59.999000064,8038607.15708,32927,75296177.0,4167710.14862,0
281,2022-06-21,0.0563,0.06134,0.0552,0.05628,183691418.0,2022-06-21 23:59:59.999000064,10746319.12964,39491,94078178.0,5509871.47589,0
282,2022-06-22,0.05626,0.05739,0.0535,0.05415,131106751.0,2022-06-22 23:59:59.999000064,7228378.10032,26192,64682924.0,3566710.82059,0
283,2022-06-23,0.05417,0.05827,0.05395,0.05769,145299294.0,2022-06-23 23:59:59.999000064,8250082.44905,27442,71772841.0,4077994.66538,0
284,2022-06-24,0.05778,0.06329,0.05766,0.06205,180577705.0,2022-06-24 23:59:59.999000064,10804567.70663,34977,94425309.0,5654720.98162,0
285,2022-06-25,0.06205,0.06995,0.05841,0.06882,276020025.0,2022-06-25 23:59:59.999000064,17560410.24604,51898,132388421.0,8425081.27237,0
286,2022-06-26,0.0688,0.07052,0.06007,0.06062,201657081.0,2022-06-26 23:59:59.999000064,13276373.67424,43142,97935933.0,6455697.72834,0
287,2022-06-27,0.06063,0.0639,0.05866,0.05999,143067313.0,2022-06-27 23:59:59.999000064,8786446.15522,32467,70904375.0,4357520.65122,0
288,2022-06-28,0.06001,0.06233,0.05617,0.05663,134909010.0,2022-06-28 23:59:59.999000064,8028705.03673,31836,62644734.0,3728821.92989,0
289,2022-06-29,0.05658,0.05832,0.05492,0.05644,144504731.0,2022-06-29 23:59:59.999000064,8179151.2021,30616,71846589.0,4067854.74418,0
290,2022-06-30,0.05646,0.05679,0.05053,0.05439,179064478.0,2022-06-30 23:59:59.999000064,9488976.78527,37857,90322453.0,4786923.37735,0
291,2022-07-01,0.05441,0.0558,0.05105,0.05186,172128673.0,2022-07-01 23:59:59.999000064,9076813.23057,32133,82441543.0,4349541.20105,0
292,2022-07-02,0.05188,0.0545,0.0508,0.05319,111491255.0,2022-07-02 23:59:59.999000064,5856175.60393,22599,56681109.0,2979939.34429,0
293,2022-07-03,0.05322,0.05378,0.05154,0.05297,77292139.0,2022-07-03 23:59:59.999000064,4061854.16634,15984,37809539.0,1986561.39109,0
294,2022-07-04,0.05302,0.05558,0.05137,0.05518,110658487.0,2022-07-04 23:59:59.999000064,5937306.35236,20846,55678914.0,2988587.89544,0
295,2022-07-05,0.05529,0.05617,0.0515,0.05319,171670457.0,2022-07-05 23:59:59.999000064,9219013.29206,29014,72567371.0,3898531.50261,0
296,2022-07-06,0.0532,0.05512,0.05212,0.05414,117238040.0,2022-07-06 23:59:59.999000064,6272584.29587,22064,58991385.0,3158880.63816,0
297,2022-07-07,0.05417,0.05919,0.05409,0.05696,163397127.0,2022-07-07 23:59:59.999000064,9158352.84582,28280,77622595.0,4357235.20272,0
298,2022-07-08,0.05701,0.05872,0.05354,0.05407,168102573.0,2022-07-08 23:59:59.999000064,9309163.86704,30377,86254848.0,4774189.0452,0
299,2022-07-09,0.05411,0.05593,0.05375,0.05542,116767865.0,2022-07-09 23:59:59.999000064,6418070.45598,22744,61341485.0,3371554.85811,0
300,2022-07-10,0.05542,0.05546,0.05229,0.05309,110541022.0,2022-07-10 23:59:59.999000064,5901838.91916,21036,53593861.0,2863377.9133,0
301,2022-07-11,0.05304,0.05304,0.04692,0.0481,182691819.0,2022-07-11 23:59:59.999000064,9202199.5869,35504,83707340.0,4221200.11888,0
302,2022-07-12,0.04809,0.04945,0.04662,0.04717,151720551.0,2022-07-12 23:59:59.999000064,7312727.32737,30643,74323503.0,3583122.21122,0
303,2022-07-13,0.04716,0.04998,0.04403,0.04879,230824883.0,2022-07-13 23:59:59.999000064,10928326.21061,40088,111742753.0,5292412.26378,0
304,2022-07-14,0.04879,0.05039,0.04655,0.04957,173185071.0,2022-07-14 23:59:59.999000064,8372519.93019,28201,83790369.0,4055240.35287,0
305,2022-07-15,0.04957,0.05091,0.04831,0.04959,164774234.0,2022-07-15 23:59:59.999000064,8202995.36281,29145,81960977.0,4081265.28962,0
306,2022-07-16,0.04956,0.05168,0.04807,0.05084,140056455.0,2022-07-16 23:59:59.999000064,6972332.99883,23586,69321720.0,3450703.47893,0
307,2022-07-17,0.05084,0.05373,0.05004,0.0507,186897048.0,2022-07-17 23:59:59.999000064,9698732.83097,32565,90745489.0,4711725.59217,0
308,2022-07-18,0.05073,0.05826,0.0506,0.05565,289556493.0,2022-07-18 23:59:59.999000064,15813886.00164,51603,143156660.0,7819622.49127,0
309,2022-07-19,0.05566,0.0617,0.05463,0.05833,400808474.0,2022-07-19 23:59:59.999000064,23523518.6374,75516,198297010.0,11637755.90934,0
310,2022-07-20,0.05833,0.06169,0.05281,0.0537,354380862.0,2022-07-20 23:59:59.999000064,20654143.24028,64545,171335568.0,9995809.90423,0
311,2022-07-21,0.05369,0.05474,0.05137,0.05413,227776260.0,2022-07-21 23:59:59.999000064,12084651.1036,41535,107780949.0,5721962.12347,0
312,2022-07-22,0.05413,0.05635,0.05166,0.05224,207372295.0,2022-07-22 23:59:59.999000064,11265776.95827,37921,101003052.0,5490911.03621,0
313,2022-07-23,0.05221,0.05532,0.05142,0.05377,170846615.0,2022-07-23 23:59:59.999000064,9112579.66629,32609,81287204.0,4333536.24694,0
314,2022-07-24,0.05377,0.05494,0.05254,0.05292,149468687.0,2022-07-24 23:59:59.999000064,8027019.60175,27460,67599872.0,3632407.51329,0
315,2022-07-25,0.05291,0.0533,0.04735,0.04746,181438913.0,2022-07-25 23:59:59.999000064,9094400.7529,35356,81540801.0,4086816.09035,0
316,2022-07-26,0.04746,0.04807,0.04566,0.04775,129737821.0,2022-07-26 23:59:59.999000064,6086988.34355,26331,62040374.0,2911439.06844,0
317,2022-07-27,0.04774,0.05148,0.04653,0.05147,148422238.0,2022-07-27 23:59:59.999000064,7209606.84336,26949,73195939.0,3558318.62387,0
318,2022-07-28,0.05147,0.05392,0.04938,0.05312,185239983.0,2022-07-28 23:59:59.999000064,9532506.77341,34907,91133628.0,4694425.28794,0
319,2022-07-29,0.05314,0.05755,0.0523,0.05495,273236324.0,2022-07-29 23:59:59.999000064,15055490.07646,51564,132141320.0,7286927.51364,0
320,2022-07-30,0.05495,0.0608,0.05468,0.05577,326661810.0,2022-07-30 23:59:59.999000064,18949549.95412,58828,163512339.0,9483724.81174,0
321,2022-07-31,0.05582,0.06338,0.05514,0.05705,319341506.0,2022-07-31 23:59:59.999000064,19014253.13303,64897,153509947.0,9144679.71663,0
322,2022-08-01,0.05706,0.06626,0.05546,0.06474,473857416.0,2022-08-01 23:59:59.999000064,28829382.28497,93499,227873091.0,13891101.75908,0
323,2022-08-02,0.06481,0.06541,0.05798,0.05946,344521905.0,2022-08-02 23:59:59.999000064,20927771.46055,70787,168058119.0,10210027.93151,0
324,2022-08-03,0.05952,0.06179,0.057,0.05817,225895417.0,2022-08-03 23:59:59.999000064,13487988.9091,43757,105121896.0,6289349.26679,0
325,2022-08-04,0.05817,0.06158,0.05756,0.05908,177987569.0,2022-08-04 23:59:59.999000064,10551441.19656,36641,86386858.0,5124715.9065,0
326,2022-08-05,0.05911,0.06151,0.05872,0.06117,177961249.0,2022-08-05 23:59:59.999000064,10730741.76097,35622,93381576.0,5636405.25002,0
327,2022-08-06,0.06119,0.06225,0.05959,0.06009,125164427.0,2022-08-06 23:59:59.999000064,7628523.04329,24940,61544640.0,3753609.84937,0
328,2022-08-07,0.0601,0.06176,0.0583,0.06072,105245703.0,2022-08-07 23:59:59.999000064,6344335.53,20323,50647558.0,3055362.79194,0
329,2022-08-08,0.06071,0.06427,0.06063,0.06224,172760207.0,2022-08-08 23:59:59.999000064,10769646.41654,31362,82980406.0,5173400.59115,0
330,2022-08-09,0.06221,0.06469,0.05781,0.05983,199208099.0,2022-08-09 23:59:59.999000064,12166447.04621,37898,85767189.0,5244250.2566,0
331,2022-08-10,0.05981,0.06393,0.05839,0.0634,170829933.0,2022-08-10 23:59:59.999000064,10511092.52383,33864,88081102.0,5422677.41139,0
332,2022-08-11,0.0634,0.0656,0.06158,0.06206,174455406.0,2022-08-11 23:59:59.999000064,11155371.67899,36115,84319459.0,5397138.53627,0
333,2022-08-12,0.06206,0.06631,0.06089,0.06604,125450554.0,2022-08-12 23:59:59.999000064,7935462.80175,27133,63566726.0,4027228.78061,0
334,2022-08-13,0.06606,0.07,0.06564,0.06724,207283029.0,2022-08-13 23:59:59.999000064,14038271.74491,43617,101762796.0,6892577.98918,0
335,2022-08-14,0.06723,0.07177,0.06617,0.07049,286744874.0,2022-08-14 23:59:59.999000064,19949962.73819,67655,139548131.0,9714809.52031,0
336,2022-08-15,0.07055,0.07287,0.06562,0.06708,228181349.0,2022-08-15 23:59:59.999000064,15774633.06376,55801,103107696.0,7140010.84869,0
337,2022-08-16,0.06708,0.07199,0.06529,0.06944,203000029.0,2022-08-16 23:59:59.999000064,13988992.19814,47463,104107697.0,7181424.86558,0
338,2022-08-17,0.06944,0.07133,0.06228,0.06324,221527909.0,2022-08-17 23:59:59.999000064,14727356.63095,49604,99196535.0,6599568.40906,0
339,2022-08-18,0.06324,0.06404,0.05579,0.05799,149613648.0,2022-08-18 23:59:59.999000064,9226935.68925,34124,70673913.0,4372357.32398,0
340,2022-08-19,0.05801,0.05837,0.05126,0.05285,302371460.0,2022-08-19 23:59:59.999000064,16325433.0413,65101,145441978.0,7852418.05145,0
341,2022-08-20,0.05285,0.05433,0.05003,0.05215,143963590.0,2022-08-20 23:59:59.999000064,7550448.35614,30813,71592961.0,3759656.79803,0
342,2022-08-21,0.05215,0.0547,0.05175,0.05396,119514530.0,2022-08-21 23:59:59.999000064,6359180.82808,26047,57928440.0,3081665.99318,0
343,2022-08-22,0.05398,0.054,0.05054,0.05331,113394054.0,2022-08-22 23:59:59.999000064,5912369.10183,24031,54267858.0,2829496.57173,0
344,2022-08-23,0.05332,0.05526,0.05122,0.05433,111668682.0,2022-08-23 23:59:59.999000064,5974871.06554,22321,55794188.0,2985521.46524,0
345,2022-08-24,0.05436,0.05651,0.05273,0.05486,138706503.0,2022-08-24 23:59:59.999000064,7602534.79564,26388,70587843.0,3869211.90915,0
346,2022-08-25,0.05485,0.05699,0.0537,0.05469,113291238.0,2022-08-25 23:59:59.999000064,6271557.23748,21531,55238209.0,3058832.0009,0
347,2022-08-26,0.05466,0.05481,0.04869,0.04987,169452577.0,2022-08-26 23:59:59.999000064,8842987.21695,35295,83282241.0,4352085.30817,0
348,2022-08-27,0.04989,0.05116,0.04916,0.05071,90764017.0,2022-08-27 23:59:59.999000064,4558042.54265,19455,45032314.0,2262040.35438,0
349,2022-08-28,0.05075,0.05192,0.04923,0.04965,84004361.0,2022-08-28 23:59:59.999000064,4281738.3405,17635,41103932.0,2096689.93878,0
350,2022-08-29,0.04964,0.05257,0.0488,0.05225,99359875.0,2022-08-29 23:59:59.999000064,5033270.43969,20292,49831449.0,2525526.97215,0
351,2022-08-30,0.05222,0.05301,0.04926,0.05078,81395434.0,2022-08-30 23:59:59.999000064,4172213.97886,17508,37354753.0,1915370.45309,0
352,2022-08-31,0.05079,0.05228,0.05002,0.0504,72599061.0,2022-08-31 23:59:59.999000064,3710060.57561,16044,34243962.0,1750413.41509,0
353,2022-09-01,0.05038,0.05074,0.04861,0.05057,81829191.0,2022-09-01 23:59:59.999000064,4079038.35653,17095,40767200.0,2032704.78031,0
354,2022-09-02,0.0506,0.0514,0.04913,0.04983,83623278.0,2022-09-02 23:59:59.999000064,4206393.94721,16634,42800432.0,2152565.22872,0
355,2022-09-03,0.04983,0.05048,0.04935,0.05021,35720902.0,2022-09-03 23:59:59.999000064,1786600.22473,8109,16918984.0,846147.3814,0
356,2022-09-04,0.05023,0.05191,0.05,0.05165,59154012.0,2022-09-04 23:59:59.999000064,3015588.21317,11948,30250706.0,1542860.15619,0
357,2022-09-05,0.05164,0.0521,0.0497,0.05097,68170009.0,2022-09-05 23:59:59.999000064,3449972.8438,13981,32292115.0,1636180.25436,0
358,2022-09-06,0.05099,0.052,0.0451,0.04724,171012575.0,2022-09-06 23:59:59.999000064,8396203.98914,32853,78770611.0,3882849.43976,0
359,2022-09-07,0.04728,0.04949,0.04634,0.04868,81844632.0,2022-09-07 23:59:59.999000064,3928907.62434,15928,40012234.0,1919989.88352,0
360,2022-09-08,0.04868,0.04933,0.04757,0.04911,105747446.0,2022-09-08 23:59:59.999000064,5130911.13015,18628,52850304.0,2564478.46242,0
361,2022-09-09,0.04914,0.053,0.04895,0.052,163093553.0,2022-09-09 23:59:59.999000064,8380516.63024,28719,85060421.0,4372027.59818,0
362,2022-09-10,0.052,0.05328,0.05112,0.05209,138210119.0,2022-09-10 23:59:59.999000064,7196059.4696,24946,68389770.0,3561364.0091,0
363,2022-09-11,0.05209,0.05377,0.0505,0.05207,115229809.0,2022-09-11 23:59:59.999000064,6002782.95809,20729,55326173.0,2883175.27836,0
364,2022-09-12,0.05204,0.05314,0.05012,0.05125,154935217.0,2022-09-12 23:59:59.999000064,8032675.8105,28085,76003381.0,3941901.11651,0
365,2022-09-13,0.05125,0.05165,0.04737,0.0479,158866839.0,2022-09-13 23:59:59.999000064,7890151.30671,30765,75273232.0,3740065.87027,0
366,2022-09-14,0.04785,0.04907,0.04715,0.04866,89233067.0,2022-09-14 23:59:59.999000064,4313468.32631,17363,41905561.0,2025156.46537,0
367,2022-09-15,0.04866,0.04869,0.04653,0.04717,87838100.0,2022-09-15 23:59:59.999000064,4176021.63667,17133,41127920.0,1955941.47106,0
368,2022-09-16,0.04718,0.04807,0.04658,0.04769,65298925.0,2022-09-16 23:59:59.999000064,3089093.59666,12382,32375797.0,1532159.92564,0
369,2022-09-17,0.04769,0.04992,0.04769,0.04907,47512394.0,2022-09-17 23:59:59.999000064,2298790.30792,9064,25272472.0,1223541.61239,0
370,2022-09-18,0.04915,0.04916,0.03905,0.04194,121123214.0,2022-09-18 23:59:59.999000064,5442140.42891,22783,55211604.0,2491650.0209,0
371,2022-09-19,0.04194,0.04362,0.04093,0.04333,174800503.0,2022-09-19 23:59:59.999000064,7398808.78666,32308,85830528.0,3632830.70376,0
372,2022-09-20,0.04334,0.04355,0.04128,0.04147,104576743.0,2022-09-20 23:59:59.999000064,4425978.4157,18578,50302392.0,2129279.20628,0
373,2022-09-21,0.0414,0.04328,0.03925,0.04028,143394951.0,2022-09-21 23:59:59.999000064,5917522.86562,26534,68737671.0,2837885.26413,0
374,2022-09-22,0.04027,0.04271,0.04019,0.04245,92035108.0,2022-09-22 23:59:59.999000064,3828392.77945,17839,45312339.0,1885227.36719,0
375,2022-09-23,0.04246,0.04282,0.04032,0.04209,122111074.0,2022-09-23 23:59:59.999000064,5091680.57119,21938,58579485.0,2442261.22124,0
376,2022-09-24,0.04215,0.04277,0.04107,0.04133,83302015.0,2022-09-24 23:59:59.999000064,3508342.27544,14433,44707068.0,1883188.43763,0
377,2022-09-25,0.0413,0.04188,0.04006,0.04057,69535546.0,2022-09-25 23:59:59.999000064,2862613.73655,12401,34225701.0,1409496.9178,0
378,2022-09-26,0.04057,0.0411,0.03959,0.04087,102070764.0,2022-09-26 23:59:59.999000064,4133704.31825,17538,49722673.0,2013934.57334,0
379,2022-09-27,0.04089,0.0424,0.03961,0.04023,110079953.0,2022-09-27 23:59:59.999000064,4545056.07889,19215,56633026.0,2339713.03528,0
380,2022-09-28,0.04026,0.04063,0.03837,0.04016,104067898.0,2022-09-28 23:59:59.999000064,4120297.55724,15987,48834948.0,1934950.41024,0
381,2022-09-29,0.04017,0.04098,0.03936,0.04086,73872882.0,2022-09-29 23:59:59.999000064,2963335.6805,11108,36557182.0,1467026.28385,0
382,2022-09-30,0.0409,0.04121,0.0399,0.04051,93217834.0,2022-09-30 23:59:59.999000064,3786553.68118,12656,45908536.0,1864643.6843,0
383,2022-10-01,0.04049,0.04085,0.03995,0.04025,37218833.0,2022-10-01 23:59:59.999000064,1505684.77325,4962,18179962.0,735653.88893,0
384,2022-10-02,0.04025,0.04058,0.03915,0.03944,53644928.0,2022-10-02 23:59:59.999000064,2138661.8851,7420,25991307.0,1036322.63795,0
385,2022-10-03,0.03945,0.04067,0.03889,0.04049,62115811.0,2022-10-03 23:59:59.999000064,2485831.13847,8793,32815372.0,1314630.32535,0
386,2022-10-04,0.04049,0.04168,0.04032,0.04139,59971437.0,2022-10-04 23:59:59.999000064,2460453.47993,8377,30532335.0,1252732.12456,0
387,2022-10-05,0.0414,0.0417,0.0401,0.0412,62509182.0,2022-10-05 23:59:59.999000064,2559988.24039,7931,29866618.0,1224324.80244,0
388,2022-10-06,0.04121,0.04168,0.04066,0.04085,58645816.0,2022-10-06 23:59:59.999000064,2419200.65691,7933,27946012.0,1153016.96242,0
389,2022-10-07,0.04086,0.0412,0.04015,0.04052,39676613.0,2022-10-07 23:59:59.999000064,1614957.13527,6180,17201106.0,700244.10541,0
390,2022-10-08,0.04053,0.041,0.04028,0.04065,22329206.0,2022-10-08 23:59:59.999000064,907730.72887,3481,11210499.0,456023.48529,0
391,2022-10-09,0.04061,0.04262,0.04061,0.04224,129599867.0,2022-10-09 23:59:59.999000064,5444131.5035,19079,62593604.0,2629821.246,0
392,2022-10-10,0.04224,0.04288,0.03959,0.03984,75880275.0,2022-10-10 23:59:59.999000064,3147680.67209,11708,30861339.0,1281983.55719,0
393,2022-10-11,0.03984,0.04013,0.0386,0.03954,64617321.0,2022-10-11 23:59:59.999000064,2549490.4347,10562,33303780.0,1314416.67337,0
394,2022-10-12,0.03954,0.03996,0.03903,0.0392,44609970.0,2022-10-12 23:59:59.999000064,1761484.52173,6971,21291378.0,840846.11447,0
395,2022-10-13,0.03918,0.03927,0.0347,0.03784,182508704.0,2022-10-13 23:59:59.999000064,6723985.40262,27962,87128806.0,3207133.57861,0
396,2022-10-14,0.03782,0.03927,0.03607,0.0367,105913478.0,2022-10-14 23:59:59.999000064,3980057.16415,15396,53287492.0,2000978.9408,0
397,2022-10-15,0.0367,0.03788,0.03587,0.0366,82665667.0,2022-10-15 23:59:59.999000064,3035992.33415,12388,43066805.0,1583646.63681,0
398,2022-10-16,0.03657,0.03795,0.03653,0.03715,81647076.0,2022-10-16 23:59:59.999000064,3049605.93537,11666,39293054.0,1468144.71277,0
399,2022-10-17,0.03716,0.0373,0.03636,0.03693,58907926.0,2022-10-17 23:59:59.999000064,2164864.18483,10370,29289789.0,1076750.0347,0
400,2022-10-18,0.03696,0.03721,0.035,0.03561,84005653.0,2022-10-18 23:59:59.999000064,3031331.90197,12491,42013937.0,1517270.11097,0
401,2022-10-19,0.03562,0.03577,0.03174,0.03291,95862452.0,2022-10-19 23:59:59.999000064,3271148.946,14393,45966000.0,1566897.67432,0
402,2022-10-20,0.03294,0.03406,0.03242,0.03286,70475855.0,2022-10-20 23:59:59.999000064,2340412.06306,10231,35162241.0,1167858.67121,0
403,2022-10-21,0.03283,0.0335,0.0313,0.03325,57906827.0,2022-10-21 23:59:59.999000064,1879990.82051,9021,27354015.0,888581.36166,0
404,2022-10-22,0.03327,0.0336,0.03269,0.03339,30072134.0,2022-10-22 23:59:59.999000064,999334.78056,5099,14775974.0,491225.86715,0
405,2022-10-23,0.03343,0.03419,0.03245,0.03402,37335889.0,2022-10-23 23:59:59.999000064,1242286.05823,5767,19325444.0,643169.71292,0
406,2022-10-24,0.03406,0.03425,0.03265,0.03306,43458929.0,2022-10-24 23:59:59.999000064,1448565.54188,6617,20853444.0,694937.97562,0
407,2022-10-25,0.0331,0.03492,0.03296,0.034,69055056.0,2022-10-25 23:59:59.999000064,2345906.91144,9796,33530406.0,1138906.66042,0
408,2022-10-26,0.034,0.03539,0.03393,0.035,82227762.0,2022-10-26 23:59:59.999000064,2859420.80633,11400,42261445.0,1469586.39262,0
409,2022-10-27,0.03494,0.03688,0.03419,0.03445,103074930.0,2022-10-27 23:59:59.999000064,3658857.65244,14442,49730223.0,1766664.81952,0
410,2022-10-28,0.03446,0.03578,0.03375,0.03519,67593231.0,2022-10-28 23:59:59.999000064,2343559.24394,9867,32984159.0,1143175.20966,0
411,2022-10-29,0.03524,0.03785,0.03518,0.03661,144409467.0,2022-10-29 23:59:59.999000064,5247445.41615,20397,72291315.0,2625850.40756,0
412,2022-10-30,0.03662,0.04902,0.03632,0.04389,1390754277.0,2022-10-30 23:59:59.999000064,62057651.91869,215299,684669103.0,30547543.51064,0
413,2022-10-31,0.0439,0.04436,0.04052,0.04198,379444342.0,2022-10-31 23:59:59.999000064,15995087.34221,51029,188403639.0,7943961.2868,0
414,2022-11-01,0.04198,0.04399,0.03959,0.03985,260121018.0,2022-11-01 23:59:59.999000064,10905862.1082,36486,125758117.0,5275714.58618,0
415,2022-11-02,0.03987,0.04103,0.03744,0.03832,213410384.0,2022-11-02 23:59:59.999000064,8422148.26375,30126,99779192.0,3939476.80859,0
416,2022-11-03,0.0383,0.04073,0.02694,0.03323,1179470016.0,2022-11-03 23:59:59.999000064,38921380.74052,119363,565482035.0,18708111.85741,0
417,2022-11-04,0.03325,0.03999,0.03155,0.03861,1495878362.0,2022-11-04 23:59:59.999000064,53251879.64427,168543,745889184.0,26547002.45062,0
418,2022-11-05,0.03861,0.04392,0.03737,0.03863,1026673106.0,2022-11-05 23:59:59.999000064,41507030.82805,122187,507871222.0,20556373.00493,0
419,2022-11-06,0.03862,0.03996,0.03544,0.03588,375676421.0,2022-11-06 23:59:59.999000064,14400518.89355,47159,178757648.0,6857043.62784,0
420,2022-11-07,0.03591,0.03759,0.03522,0.03611,247691943.0,2022-11-07 23:59:59.999000064,9050443.9347,27640,125481183.0,4592526.05176,0
421,2022-11-08,0.03611,0.03667,0.03,0.03275,545168111.0,2022-11-08 23:59:59.999000064,18444944.25916,70038,268441202.0,9084027.69432,0
422,2022-11-09,0.03277,0.03284,0.0248,0.02563,759593040.0,2022-11-09 23:59:59.999000064,21719574.3864,89159,371852368.0,10627864.35807,0
423,2022-11-10,0.02564,0.033,0.02514,0.03162,454013072.0,2022-11-10 23:59:59.999000064,13459948.45337,55762,235202180.0,6960358.85537,0
424,2022-11-11,0.03159,0.033,0.02959,0.03197,309325075.0,2022-11-11 23:59:59.999000064,9734605.64807,38170,160286687.0,5051198.09063,0
425,2022-11-12,0.032,0.03211,0.02913,0.02947,209192320.0,2022-11-12 23:59:59.999000064,6316331.10771,26699,101815567.0,3075612.00831,0
426,2022-11-13,0.02948,0.03246,0.02888,0.0294,346966391.0,2022-11-13 23:59:59.999000064,10487483.39792,43264,174458509.0,5271583.69044,0
427,2022-11-14,0.0294,0.03063,0.02763,0.02961,249578720.0,2022-11-14 23:59:59.999000064,7272646.69819,35319,122976640.0,3585228.05616,0
428,2022-11-15,0.02961,0.0303,0.029,0.02928,189186179.0,2022-11-15 23:59:59.999000064,5588568.8595,24644,98654408.0,2915651.86501,0
429,2022-11-16,0.02929,0.02963,0.02783,0.02816,133141391.0,2022-11-16 23:59:59.999000064,3829237.97408,16629,68496520.0,1970652.17168,0
430,2022-11-17,0.02817,0.02839,0.02688,0.02735,110897450.0,2022-11-17 23:59:59.999000064,3058691.61176,13874,61287663.0,1690808.0667,0
431,2022-11-18,0.02734,0.0279,0.02703,0.02748,79657214.0,2022-11-18 23:59:59.999000064,2192995.9596,9663,40692827.0,1120876.06599,0
432,2022-11-19,0.02748,0.02806,0.02656,0.02759,140038027.0,2022-11-19 23:59:59.999000064,3838587.07944,16540,66399880.0,1821283.60465,0
433,2022-11-20,0.02756,0.02789,0.02541,0.02572,155177425.0,2022-11-20 23:59:59.999000064,4175594.61613,18776,77820115.0,2095214.7103,0
434,2022-11-21,0.0257,0.026,0.02391,0.02465,332146900.0,2022-11-21 23:59:59.999000064,8330642.29667,30304,183590456.0,4612339.46558,0
435,2022-11-22,0.02466,0.02549,0.0238,0.02547,170445952.0,2022-11-22 23:59:59.999000064,4229283.5586,18235,84858447.0,2104953.9914,0
436,2022-11-23,0.02548,0.02624,0.02494,0.02596,149932947.0,2022-11-23 23:59:59.999000064,3844893.25921,15758,76290545.0,1955715.28296,0
437,2022-11-24,0.02596,0.02621,0.02507,0.02532,133842375.0,2022-11-24 23:59:59.999000064,3414257.08978,14587,68797450.0,1753442.69131,0
438,2022-11-25,0.02532,0.02535,0.02451,0.02503,116859461.0,2022-11-25 23:59:59.999000064,2909747.2535,11768,56672134.0,1411348.35536,0
439,2022-11-26,0.02505,0.02594,0.02486,0.02508,159551569.0,2022-11-26 23:59:59.999000064,4061747.37743,14838,80287739.0,2044108.75041,0
440,2022-11-27,0.02508,0.02606,0.02503,0.0253,123780452.0,2022-11-27 23:59:59.999000064,3173161.17073,12598,62954390.0,1614388.37825,0
441,2022-11-28,0.02529,0.02558,0.02388,0.02479,126158108.0,2022-11-28 23:59:59.999000064,3095824.41801,13642,58458134.0,1433188.19096,0
442,2022-11-29,0.02479,0.02553,0.02446,0.02526,135462543.0,2022-11-29 23:59:59.999000064,3405335.73491,11130,78366646.0,1972420.64022,0
443,2022-11-30,0.02527,0.02779,0.02524,0.02593,220745671.0,2022-11-30 23:59:59.999000064,5835380.45374,26382,109172528.0,2888498.23576,0
444,2022-12-01,0.02594,0.02635,0.02501,0.02527,127381208.0,2022-12-01 23:59:59.999000064,3252415.0969,15695,61156349.0,1561783.10897,0
445,2022-12-02,0.02527,0.02568,0.02457,0.02556,141512051.0,2022-12-02 23:59:59.999000064,3549815.59872,13418,69501351.0,1744447.92529,0
446,2022-12-03,0.02557,0.0258,0.02472,0.02491,120715641.0,2022-12-03 23:59:59.999000064,3044620.21341,9909,63706513.0,1605135.63933,0
447,2022-12-04,0.0249,0.02528,0.02463,0.02518,91023085.0,2022-12-04 23:59:59.999000064,2268810.12382,9568,45602813.0,1137270.6696,0
448,2022-12-05,0.02518,0.02705,0.02504,0.02587,252914236.0,2022-12-05 23:59:59.999000064,6552994.9393,24998,124583600.0,3229644.98751,0
449,2022-12-06,0.02587,0.02813,0.02574,0.02707,440568392.0,2022-12-06 23:59:59.999000064,11863851.07694,46532,224058490.0,6039618.04811,0
450,2022-12-07,0.02708,0.02719,0.02506,0.02562,184186165.0,2022-12-07 23:59:59.999000064,4762654.40199,17480,89988383.0,2323387.92931,0
451,2022-12-08,0.02564,0.02655,0.02492,0.02643,141293884.0,2022-12-08 23:59:59.999000064,3634868.02871,14421,66755728.0,1718593.8003,0
452,2022-12-09,0.02644,0.02657,0.02561,0.02578,93020287.0,2022-12-09 23:59:59.999000064,2429100.70252,9211,42643131.0,1113571.00969,0
453,2022-12-10,0.02581,0.02583,0.02543,0.02556,59186436.0,2022-12-10 23:59:59.999000064,1515989.29855,5683,26712216.0,684261.36825,0
454,2022-12-11,0.02556,0.02586,0.02503,0.0252,70666007.0,2022-12-11 23:59:59.999000064,1805923.2448,6645,31842641.0,814142.43199,0
455,2022-12-12,0.02518,0.02548,0.02385,0.02519,134496656.0,2022-12-12 23:59:59.999000064,3320753.15973,11772,63874520.0,1577194.0448,0
456,2022-12-13,0.02523,0.02553,0.02405,0.02521,133855295.0,2022-12-13 23:59:59.999000064,3329307.26898,12478,66076387.0,1643584.65165,0
457,2022-12-14,0.02522,0.02552,0.02403,0.0244,124098765.0,2022-12-14 23:59:59.999000064,3100617.5626,11313,58130145.0,1454198.88446,0
458,2022-12-15,0.0244,0.02445,0.02358,0.02404,96067128.0,2022-12-15 23:59:59.999000064,2316345.81801,9076,45580477.0,1099687.92346,0
459,2022-12-16,0.02403,0.02433,0.02,0.02037,252547664.0,2022-12-16 23:59:59.999000064,5586146.08589,24114,116265910.0,2571227.49087,0
460,2022-12-17,0.02035,0.02099,0.01988,0.0207,203191071.0,2022-12-17 23:59:59.999000064,4173055.91419,18488,99461926.0,2042666.2465,0
461,2022-12-18,0.02071,0.02082,0.02015,0.02029,84131067.0,2022-12-18 23:59:59.999000064,1721803.4585,7390,40372955.0,826052.50027,0
462,2022-12-19,0.0203,0.02076,0.01786,0.01848,303151234.0,2022-12-19 23:59:59.999000064,5901683.43609,23849,141551985.0,2757435.66464,0
463,2022-12-20,0.0185,0.01986,0.0185,0.01942,142883194.0,2022-12-20 23:59:59.999000064,2773760.81328,12902,67435424.0,1308477.06781,0
464,2022-12-21,0.01942,0.0195,0.01844,0.01901,99282355.0,2022-12-21 23:59:59.999000064,1881234.04833,9445,50571984.0,958122.17326,0
465,2022-12-22,0.019,0.01926,0.01818,0.01897,131410675.0,2022-12-22 23:59:59.999000064,2475051.08235,11347,61330108.0,1154319.3158,0
466,2022-12-23,0.01897,0.01938,0.01864,0.01893,109244820.0,2022-12-23 23:59:59.999000064,2065889.27563,9456,52180445.0,986938.72291,0
467,2022-12-24,0.01891,0.01906,0.01856,0.01872,59946532.0,2022-12-24 23:59:59.999000064,1123807.87976,5352,29223859.0,548192.59829,0
468,2022-12-25,0.01872,0.0188,0.01795,0.0184,79193727.0,2022-12-25 23:59:59.999000064,1456413.35825,7936,35017828.0,644471.2344,0
469,2022-12-26,0.0184,0.01868,0.018,0.0183,86980424.0,2022-12-26 23:59:59.999000064,1600112.44723,8422,42035313.0,773543.92124,0
470,2022-12-27,0.0183,0.01844,0.01757,0.01781,95793105.0,2022-12-27 23:59:59.999000064,1725375.99031,7332,46040502.0,829337.42588,0
471,2022-12-28,0.01781,0.01783,0.01654,0.01687,163312446.0,2022-12-28 23:59:59.999000064,2764499.84423,12973,74512393.0,1260600.64528,0
472,2022-12-29,0.01688,0.01698,0.01568,0.01618,143198175.0,2022-12-29 23:59:59.999000064,2336710.13138,10893,69515437.0,1134613.17295,0
473,2022-12-30,0.01618,0.01682,0.01543,0.01651,182790352.0,2022-12-30 23:59:59.999000064,2944916.45892,13223,91017744.0,1469802.77456,0
474,2022-12-31,0.01651,0.01694,0.01618,0.01663,154674786.0,2022-12-31 23:59:59.999000064,2564665.37758,10614,71107973.0,1180286.72607,0
475,2023-01-01,0.01665,0.01691,0.01636,0.01687,108787345.0,2023-01-01 23:59:59.999000064,1808524.37445,7161,50654212.0,842277.7015,0
476,2023-01-02,0.01687,0.01799,0.0165,0.01771,177506293.0,2023-01-02 23:59:59.999000064,3094179.77685,13192,90869798.0,1584836.48398,0
477,2023-01-03,0.01771,0.01783,0.01721,0.01758,135374559.0,2023-01-03 23:59:59.999000064,2377493.73164,10544,60504706.0,1062869.58421,0
478,2023-01-04,0.01758,0.01861,0.01752,0.01792,190764076.0,2023-01-04 23:59:59.999000064,3433538.3111,14401,86915763.0,1564837.15047,0
479,2023-01-05,0.01791,0.0186,0.01768,0.01804,223528380.0,2023-01-05 23:59:59.999000064,4059163.94379,15936,109845554.0,1994820.07198,0
480,2023-01-06,0.01805,0.0252,0.018,0.02343,1452256111.0,2023-01-06 23:59:59.999000064,31130953.05157,117094,711129888.0,15179764.93166,0
481,2023-01-07,0.02344,0.02537,0.02307,0.02333,1394881147.0,2023-01-07 23:59:59.999000064,33633762.85563,117764,643675371.0,15540219.81177,0
482,2023-01-08,0.02332,0.041,0.02309,0.03444,3017879085.0,2023-01-08 23:59:59.999000064,94365864.33364,290569,1518205541.0,47254218.21624,0
483,2023-01-09,0.0344,0.05095,0.03151,0.0405,5009490572.0,2023-01-09 23:59:59.999000064,206086899.71703,605940,2513725748.0,103436533.69436,0
484,2023-01-10,0.0405,0.04677,0.04005,0.04161,2459015420.0,2023-01-10 23:59:59.999000064,105369874.30037,349782,1221326305.0,52359179.05041,0
485,2023-01-11,0.04162,0.04238,0.03608,0.03831,1635907516.0,2023-01-11 23:59:59.999000064,63151914.56288,194994,789720894.0,30465074.17199,0
486,2023-01-12,0.03832,0.04506,0.03807,0.04041,1921848301.0,2023-01-12 23:59:59.999000064,79536487.46268,283851,981807222.0,40659887.87638,0
487,2023-01-13,0.04042,0.05304,0.03841,0.05064,2401095384.0,2023-01-13 23:59:59.999000064,110407763.1933,329258,1216786687.0,55970908.84149,0
488,2023-01-14,0.05064,0.05556,0.04697,0.04976,2130516070.0,2023-01-14 23:59:59.999000064,106757726.43838,304219,1053386185.0,52839198.14344,0
489,2023-01-15,0.04975,0.05093,0.04524,0.0489,1178931888.0,2023-01-15 23:59:59.999000064,56656478.57194,185178,582253981.0,27995538.15319,0
490,2023-01-16,0.0489,0.05029,0.04466,0.04672,810067886.0,2023-01-16 23:59:59.999000064,38773361.88687,127458,393165908.0,18838228.5674,0
491,2023-01-17,0.04672,0.05554,0.04528,0.04964,1496929579.0,2023-01-17 23:59:59.999000064,77638997.40334,220554,766986086.0,39775539.01192,0
492,2023-01-18,0.04965,0.05181,0.04269,0.04462,1182365666.0,2023-01-18 23:59:59.999000064,56341259.58246,169760,576853956.0,27480653.91717,0
493,2023-01-19,0.04458,0.04668,0.04326,0.04561,547792458.0,2023-01-19 23:59:59.999000064,24671375.07385,75647,271251522.0,12221376.28712,0
494,2023-01-20,0.04559,0.04998,0.04402,0.04902,766048780.0,2023-01-20 23:59:59.999000064,35870628.71694,101236,386615287.0,18104272.96388,0
495,2023-01-21,0.04901,0.05308,0.04605,0.04689,1056503612.0,2023-01-21 23:59:59.999000064,52300329.97021,135502,515011193.0,25528412.6097,0
496,2023-01-22,0.04691,0.0512,0.04665,0.0488,624466925.0,2023-01-22 23:59:59.999000064,30637451.84844,94224,311238447.0,15286530.95501,0
497,2023-01-23,0.04879,0.05689,0.04861,0.05298,1563305892.0,2023-01-23 23:59:59.999000064,81904887.17948,215869,800069132.0,41955855.42719,0
498,2023-01-24,0.05294,0.05419,0.04687,0.0477,594921819.0,2023-01-24 23:59:59.999000064,30380034.12309,93974,264839345.0,13549244.50099,0
499,2023-01-25,0.0477,0.05096,0.04595,0.0495,630034719.0,2023-01-25 23:59:59.999000064,30394788.43122,97330,307894115.0,14862679.94001,0
500,2023-01-26,0.04954,0.05173,0.04791,0.04874,502308880.0,2023-01-26 23:59:59.999000064,24956242.32182,84301,237722629.0,11820774.87369,0
501,2023-01-27,0.04873,0.0544,0.04683,0.053,717924818.0,2023-01-27 23:59:59.999000064,36365115.2955,117129,360677571.0,18280753.56256,0
502,2023-01-28,0.05299,0.06292,0.05281,0.05704,1897339375.0,2023-01-28 23:59:59.999000064,110184109.41077,287093,966378687.0,56106929.22208,0
503,2023-01-29,0.05702,0.0606,0.0546,0.05911,1023753616.0,2023-01-29 23:59:59.999000064,59839953.27003,150328,507158449.0,29663811.28785,0
504,2023-01-30,0.05911,0.05953,0.05153,0.0538,724635213.0,2023-01-30 23:59:59.999000064,40376191.06184,118963,337030843.0,18758888.64724,0
505,2023-01-31,0.05381,0.05564,0.05254,0.05418,476687965.0,2023-01-31 23:59:59.999000064,25701853.25196,80097,232271797.0,12527286.27358,0
506,2023-02-01,0.0542,0.05864,0.05034,0.05682,661065123.0,2023-02-01 23:59:59.999000064,35778893.52,117730,331798063.0,17987078.7232,0
507,2023-02-02,0.05684,0.05811,0.0535,0.0541,562627916.0,2023-02-02 23:59:59.999000064,31644528.84481,93302,268733472.0,15124788.44949,0
508,2023-02-03,0.05411,0.05776,0.05317,0.05609,553627893.0,2023-02-03 23:59:59.999000064,30597143.2495,97539,269643399.0,14907631.34195,0
509,2023-02-04,0.05609,0.05742,0.05456,0.05564,366072930.0,2023-02-04 23:59:59.999000064,20451752.45559,62412,180921467.0,10106548.81952,0
510,2023-02-05,0.05563,0.05838,0.05232,0.05404,703479944.0,2023-02-05 23:59:59.999000064,38680032.5863,120424,347622361.0,19125797.04658,0
511,2023-02-06,0.05405,0.05473,0.05109,0.05188,375664219.0,2023-02-06 23:59:59.999000064,19852744.34087,69667,177583962.0,9389778.02317,0
512,2023-02-07,0.05188,0.05624,0.05118,0.05554,524617683.0,2023-02-07 23:59:59.999000064,27921133.80884,89547,255304868.0,13597887.922,0
513,2023-02-08,0.05553,0.05725,0.05073,0.05213,502722014.0,2023-02-08 23:59:59.999000064,27065285.3772,90544,242820139.0,13084695.12005,0
514,2023-02-09,0.05215,0.05257,0.04224,0.0445,674775408.0,2023-02-09 23:59:59.999000064,32270879.68743,105343,313395886.0,14995970.50747,0
515,2023-02-10,0.04452,0.04499,0.04288,0.04431,414918085.0,2023-02-10 23:59:59.999000064,18269065.12682,62186,201137416.0,8862268.85685,0
516,2023-02-11,0.0443,0.04589,0.04308,0.04549,320869734.0,2023-02-11 23:59:59.999000064,14294291.52591,44300,155785878.0,6941721.4928,0
517,2023-02-12,0.04549,0.04605,0.04275,0.04364,225482441.0,2023-02-12 23:59:59.999000064,10126156.98703,33529,104923514.0,4717583.89091,0
518,2023-02-13,0.04364,0.04413,0.04045,0.04216,384941100.0,2023-02-13 23:59:59.999000064,16203739.41379,55446,184979447.0,7786115.55852,0
519,2023-02-14,0.04216,0.04439,0.04129,0.0442,355474905.0,2023-02-14 23:59:59.999000064,15258941.7346,51978,178913927.0,7681593.70862,0
520,2023-02-15,0.0442,0.04979,0.04298,0.04944,390385176.0,2023-02-15 23:59:59.999000064,18081584.13449,62750,189968967.0,8798055.30555,0
521,2023-02-16,0.04944,0.053,0.04559,0.04585,671587001.0,2023-02-16 23:59:59.999000064,33610913.5137,118008,343547668.0,17209460.99533,0
522,2023-02-17,0.04584,0.0494,0.04551,0.04793,317987819.0,2023-02-17 23:59:59.999000064,15139114.86588,54812,164453220.0,7828833.71133,0
523,2023-02-18,0.04791,0.04864,0.04701,0.04765,171279342.0,2023-02-18 23:59:59.999000064,8199170.83537,29804,80391009.0,3849658.00371,0
524,2023-02-19,0.04766,0.04937,0.04624,0.04714,261618172.0,2023-02-19 23:59:59.999000064,12525296.13533,49765,129790849.0,6213629.05282,0
525,2023-02-20,0.04717,0.04929,0.04624,0.04822,400507511.0,2023-02-20 23:59:59.999000064,19282977.20067,69737,204084680.0,9826706.9815,0
526,2023-02-21,0.04823,0.0488,0.04521,0.04615,324505996.0,2023-02-21 23:59:59.999000064,15281820.23705,56977,158096095.0,7447227.06433,0
527,2023-02-22,0.04616,0.04643,0.04321,0.04524,193938546.0,2023-02-22 23:59:59.999000064,8618037.39582,39777,94292226.0,4189691.56073,0
528,2023-02-23,0.04525,0.04622,0.04366,0.04415,169022801.0,2023-02-23 23:59:59.999000064,7593129.41325,30408,78815527.0,3542473.74808,0
529,2023-02-24,0.04415,0.04436,0.04015,0.04126,218162815.0,2023-02-24 23:59:59.999000064,9230455.16683,37535,103747272.0,4394743.78733,0
530,2023-02-25,0.04126,0.0415,0.03803,0.04037,185384042.0,2023-02-25 23:59:59.999000064,7434198.35612,30500,86150642.0,3456872.13508,0
531,2023-02-26,0.04036,0.04173,0.03979,0.04118,114481948.0,2023-02-26 23:59:59.999000064,4661376.85377,19451,57279329.0,2333011.38942,0
532,2023-02-27,0.04119,0.04274,0.03954,0.0407,159528565.0,2023-02-27 23:59:59.999000064,6497908.48808,26575,77692882.0,3166755.92084,0
533,2023-02-28,0.0407,0.04116,0.0388,0.0395,151713981.0,2023-02-28 23:59:59.999000064,6087079.21374,24444,71199834.0,2858056.55942,0
534,2023-03-01,0.03956,0.04217,0.03926,0.04159,167618034.0,2023-03-01 23:59:59.999000064,6874303.32452,26379,81661256.0,3350159.65476,0
535,2023-03-02,0.04159,0.0419,0.03906,0.04001,119414006.0,2023-03-02 23:59:59.999000064,4793467.66617,18470,56053249.0,2249842.56241,0
536,2023-03-03,0.04002,0.04006,0.03504,0.03749,223442471.0,2023-03-03 23:59:59.999000064,8287458.39501,30883,106009205.0,3928379.00456,0
537,2023-03-04,0.03748,0.03785,0.034,0.03504,144126194.0,2023-03-04 23:59:59.999000064,5156121.24404,19190,64096964.0,2292216.06359,0
538,2023-03-05,0.03505,0.03767,0.03488,0.03624,195320556.0,2023-03-05 23:59:59.999000064,7099593.37882,25848,93748100.0,3408108.40607,0
539,2023-03-06,0.03623,0.03999,0.03579,0.03888,360603641.0,2023-03-06 23:59:59.999000064,13843695.18831,52437,169258071.0,6496082.08276,0
540,2023-03-07,0.03889,0.03999,0.03621,0.03701,297209149.0,2023-03-07 23:59:59.999000064,11304374.48256,41072,148337525.0,5644708.52919,0
541,2023-03-08,0.037,0.03737,0.033,0.03369,243861038.0,2023-03-08 23:59:59.999000064,8597636.87934,36696,115851065.0,4081598.32245,0
542,2023-03-09,0.03369,0.03547,0.03092,0.03229,371183188.0,2023-03-09 23:59:59.999000064,12521197.58314,42879,174963748.0,5904427.11883,0
543,2023-03-10,0.03229,0.03355,0.03014,0.03288,290901070.0,2023-03-10 23:59:59.999000064,9317918.45106,36724,147767314.0,4732551.43127,0
544,2023-03-11,0.03288,0.03428,0.03023,0.0315,277609458.0,2023-03-11 23:59:59.999000064,8780137.82608,36984,151386283.0,4784083.20473,0
545,2023-03-12,0.03149,0.0352,0.03051,0.03519,273750231.0,2023-03-12 23:59:59.999000064,8692005.98305,34888,134477512.0,4278450.41682,0
546,2023-03-13,0.03518,0.03853,0.03422,0.03804,392833132.0,2023-03-13 23:59:59.999000064,14328175.51373,61140,199377298.0,7274367.88084,0
547,2023-03-14,0.03802,0.04427,0.03667,0.04305,542977806.0,2023-03-14 23:59:59.999000064,22133132.31294,84134,282728474.0,11521886.95903,0
548,2023-03-15,0.04304,0.04531,0.03606,0.03813,453290190.0,2023-03-15 23:59:59.999000064,18554446.18071,83592,229434871.0,9394264.21921,0
549,2023-03-16,0.03807,0.0407,0.03721,0.03993,386261239.0,2023-03-16 23:59:59.999000064,15037213.17431,60571,188801370.0,7352686.11209,0
550,2023-03-17,0.03992,0.04429,0.03907,0.04411,291253374.0,2023-03-17 23:59:59.999000064,12106019.19705,52702,147693881.0,6143345.78344,0
551,2023-03-18,0.0441,0.05104,0.04312,0.04595,690750710.0,2023-03-18 23:59:59.999000064,32974016.24603,134918,352014478.0,16810025.23003,0
552,2023-03-19,0.04597,0.04948,0.04593,0.04645,378666420.0,2023-03-19 23:59:59.999000064,18046423.28601,75525,188933575.0,9004847.92831,0
553,2023-03-20,0.04646,0.04809,0.04259,0.0431,318311742.0,2023-03-20 23:59:59.999000064,14383379.47504,64196,152930609.0,6915349.16733,0
554,2023-03-21,0.04309,0.04474,0.04046,0.04344,339216037.0,2023-03-21 23:59:59.999000064,14460711.78555,59143,172816486.0,7369744.18181,0
555,2023-03-22,0.04348,0.04488,0.0393,0.04059,422642432.0,2023-03-22 23:59:59.999000064,17938791.18619,71057,206981115.0,8788929.81893,0
556,2023-03-23,0.04061,0.04359,0.03978,0.04245,238048376.0,2023-03-23 23:59:59.999000064,9944704.36093,36624,117389655.0,4905453.82233,0
557,2023-03-24,0.04246,0.04252,0.03895,0.03968,169204608.0,2023-03-24 23:59:59.999000064,6845624.65271,25680,75427900.0,3051063.7661,0
558,2023-03-25,0.03968,0.04016,0.0379,0.03831,150921233.0,2023-03-25 23:59:59.999000064,5906251.14273,19363,74566019.0,2917727.63563,0
559,2023-03-26,0.0383,0.04078,0.03789,0.03995,129664147.0,2023-03-26 23:59:59.999000064,5150604.65848,17500,64782940.0,2573960.66685,0
560,2023-03-27,0.03994,0.04035,0.03611,0.03754,193033990.0,2023-03-27 23:59:59.999000064,7337001.41418,24815,91567376.0,3478370.91034,0
561,2023-03-28,0.0375,0.03949,0.03714,0.03896,154362490.0,2023-03-28 23:59:59.999000064,5917899.92687,18980,75302441.0,2888273.45785,0
562,2023-03-29,0.03896,0.04217,0.03883,0.04192,213072593.0,2023-03-29 23:59:59.999000064,8690103.12489,28780,105500504.0,4302420.77389,0
563,2023-03-30,0.04194,0.04284,0.03969,0.04076,202075649.0,2023-03-30 23:59:59.999000064,8306016.57011,29493,100820879.0,4144237.9631,0
564,2023-03-31,0.04077,0.04189,0.03938,0.04143,118438129.0,2023-03-31 23:59:59.999000064,4831470.53835,17967,58901282.0,2402057.61672,0
565,2023-04-01,0.04142,0.04195,0.04033,0.0415,106970668.0,2023-04-01 23:59:59.999000064,4403567.00572,14629,50278140.0,2070826.19204,0
566,2023-04-02,0.04149,0.04202,0.03965,0.04058,145745615.0,2023-04-02 23:59:59.999000064,5951751.45505,19044,66075846.0,2699143.24701,0
567,2023-04-03,0.04057,0.04112,0.03869,0.04011,210161023.0,2023-04-03 23:59:59.999000064,8416307.72428,28598,100664769.0,4033753.97467,0
568,2023-04-04,0.04011,0.04087,0.03955,0.04043,128674967.0,2023-04-04 23:59:59.999000064,5174571.43232,16508,61274067.0,2465341.92534,0
569,2023-04-05,0.04042,0.042,0.04007,0.04154,150364552.0,2023-04-05 23:59:59.999000064,6191246.91533,21248,71917570.0,2963124.62966,0
570,2023-04-06,0.04153,0.04167,0.03981,0.04031,124666815.0,2023-04-06 23:59:59.999000064,5056183.76853,16221,57120870.0,2317465.82591,0
571,2023-04-07,0.0403,0.04097,0.0393,0.03992,87920775.0,2023-04-07 23:59:59.999000064,3518734.11907,11884,38725984.0,1551371.52544,0
572,2023-04-08,0.03991,0.04038,0.0393,0.03959,56857981.0,2023-04-08 23:59:59.999000064,2267387.5745,8460,24672244.0,984294.14547,0
573,2023-04-09,0.03959,0.04043,0.03906,0.04005,61888678.0,2023-04-09 23:59:59.999000064,2459008.72629,8180,29639744.0,1178555.24856,0
574,2023-04-10,0.04005,0.04172,0.03956,0.04151,89596174.0,2023-04-10 23:59:59.999000064,3628671.6188,10910,47063631.0,1909842.26287,0
575,2023-04-11,0.04152,0.04245,0.04124,0.0416,104705490.0,2023-04-11 23:59:59.999000064,4387036.97217,14820,51185863.0,2145610.23034,0
576,2023-04-12,0.04158,0.04464,0.03973,0.04364,238790821.0,2023-04-12 23:59:59.999000064,10056237.70457,33731,116722449.0,4923789.79875,0
577,2023-04-13,0.04365,0.04385,0.0424,0.04318,129328075.0,2023-04-13 23:59:59.999000064,5568518.75688,16774,59864343.0,2579151.0171,0
578,2023-04-14,0.04319,0.04465,0.04163,0.04339,201376664.0,2023-04-14 23:59:59.999000064,8739634.90582,28428,92278421.0,4005659.5235,0
579,2023-04-15,0.04337,0.04352,0.04234,0.04285,103007417.0,2023-04-15 23:59:59.999000064,4415512.67693,14674,46553199.0,1996268.93859,0
580,2023-04-16,0.04287,0.04495,0.04187,0.04411,168147960.0,2023-04-16 23:59:59.999000064,7286209.78006,24374,77395477.0,3356304.80946,0
581,2023-04-17,0.04412,0.04445,0.04212,0.04374,196473398.0,2023-04-17 23:59:59.999000064,8481452.40738,26527,91474450.0,3949812.93088,0
582,2023-04-18,0.04374,0.04989,0.04367,0.04701,530004411.0,2023-04-18 23:59:59.999000064,25101880.14523,84016,256047900.0,12123198.7884,0
583,2023-04-19,0.0471,0.04879,0.0422,0.04334,348002509.0,2023-04-19 23:59:59.999000064,15727333.96761,58922,161643658.0,7309208.49518,0
584,2023-04-20,0.04333,0.046,0.04168,0.042,236207628.0,2023-04-20 23:59:59.999000064,10359402.67216,38072,107635385.0,4721895.91586,0
